CTAsPerSM,SmemWidth,SmemHeight,TileBytes,LatencyCyclesMedian,LatencyCyclesMin,LatencyCyclesMax,LatencyNsMedian
1,128,1,512,1993.0,1974.0,3383.0,1014.2493638676845
1,128,2,1024,1413.0,1521.0,3466.0,719.0839694656488
1,128,4,2048,1606.0,927.0,2474.0,817.3027989821883
1,128,8,4096,1845.0,1066.0,3446.0,938.9312977099236
1,128,16,8192,2088.0,1627.0,3222.0,1062.5954198473282
1,128,32,16384,3590.0,2452.0,4791.0,1826.972010178117
1,128,64,32768,4586.0,3138.0,5594.0,2333.8422391857507
1,128,128,65536,5405.0,3808.0,7477.0,2750.6361323155215
1,128,256,131072,9559.0,7321.0,13460.0,4864.631043256997
