PairID,Mode,Family,AType,BType,SparseVariant,Satfinite,Scale,M,N,K,AElements,BElements,CElements,SemanticK,DenseBaseK,DenseInstructionsPerPacket,SparseInstructionsPerPacket,WorkloadPackets,Iterations,Unroll,Warps,WarmupLaunches,DenseBuildStatus,DenseRunStatus,SparseBuildStatus,SparseRunStatus,DenseCycles,DenseCyclesPerPacket,DenseCyclesPerWorkload,DenseWorkloadOpsPerCycle,SparseCycles,SparseCyclesPerPacket,SparseCyclesPerWorkload,SparseWorkloadOpsPerCycle,SparseOverDenseWorkloadSpeedup,SparseOverDenseWorkloadCycleRatio,DenseNotes,SparseNotes
throughput:f16:f16xf16:m16n16k32:ordered:nosat,throughput,f16,f16,f16,ordered,nosat,1,16,16,32,512,512,256,32,16,2,1,2,256,8,864,3,ok,ok,ok,ok,67921,16.582275,33.164551,494.021000,34963,8.535889,17.071777,959.713000,1.942656,0.514760,,
throughput:f16:f16xf16:m32n32k64:ordered:nosat,throughput,f16,f16,f16,ordered,nosat,2,32,32,64,2048,2048,1024,32,16,2,1,16,32,8,864,3,ok,ok,ok,ok,66038,16.122559,257.960938,508.108000,33302,8.130371,130.085938,1007.580000,1.983004,0.504285,,
throughput:f16:f16xf16:m64n64k128:ordered:nosat,throughput,f16,f16,f16,ordered,nosat,4,64,64,128,8192,8192,4096,32,16,2,1,128,4,8,864,3,ok,ok,ok,ok,65930,16.096191,2060.312500,508.940000,33124,8.086914,1035.125000,1012.995000,1.990402,0.502412,,
throughput:f16:f16xf16:m128n128k256:ordered:nosat,throughput,f16,f16,f16,ordered,nosat,8,128,128,256,32768,32768,16384,32,16,2,1,1024,1,8,864,3,ok,ok,ok,ok,131339,16.032593,16417.375000,510.959000,65790,8.031006,8223.750000,1020.047000,1.996338,0.500917,,
throughput:f16:f16xf16:m256n256k512:ordered:nosat,throughput,f16,f16,f16,ordered,nosat,16,256,256,512,131072,131072,65536,32,16,2,1,8192,1,8,864,3,ok,ok,ok,ok,1049925,16.020584,131240.625000,511.342000,525124,8.012756,65640.500000,1022.370000,1.999386,0.500154,,
throughput:f16:f16xf16:m512n512k1024:ordered:nosat,throughput,f16,f16,f16,ordered,nosat,32,512,512,1024,524288,524288,262144,32,16,2,1,65536,1,8,864,3,ok,ok,ok,ok,8397110,16.016216,1049638.750000,511.482000,4198711,8.008406,524838.875000,1022.925000,1.999924,0.500019,,
throughput:f16f16:f16xf16:m16n16k32:ordered:nosat,throughput,f16f16,f16,f16,ordered,nosat,1,16,16,32,512,512,256,32,16,2,1,2,256,8,864,3,ok,ok,ok,ok,45376,11.078125,22.156250,739.475000,28223,6.890381,13.780762,1188.904000,1.607768,0.621981,,
throughput:f16f16:f16xf16:m32n32k64:ordered:nosat,throughput,f16f16,f16,f16,ordered,nosat,2,32,32,64,2048,2048,1024,32,16,2,1,16,32,8,864,3,ok,ok,ok,ok,35238,8.603027,137.648438,952.223000,18142,4.429199,70.867188,1849.544000,1.942343,0.514842,,
throughput:f16f16:f16xf16:m64n64k128:ordered:nosat,throughput,f16f16,f16,f16,ordered,nosat,4,64,64,128,8192,8192,4096,32,16,2,1,128,4,8,864,3,ok,ok,ok,ok,34083,8.321045,1065.093750,984.492000,16757,4.091064,523.656250,2002.413000,2.033956,0.491653,,
throughput:f16f16:f16xf16:m128n128k256:ordered:nosat,throughput,f16f16,f16,f16,ordered,nosat,8,128,128,256,32768,32768,16384,32,16,2,1,1024,1,8,864,3,ok,ok,ok,ok,67401,8.227661,8425.125000,995.666000,32930,4.019775,4116.250000,2037.925000,2.046796,0.488568,,
throughput:f16f16:f16xf16:m256n256k512:ordered:nosat,throughput,f16f16,f16,f16,ordered,nosat,16,256,256,512,131072,131072,65536,32,16,2,1,8192,1,8,864,3,ok,ok,ok,ok,536902,8.192474,67112.750000,999.942000,262508,4.005554,32813.500000,2045.160000,2.045279,0.488931,,
throughput:f16f16:f16xf16:m512n512k1024:ordered:nosat,throughput,f16f16,f16,f16,ordered,nosat,32,512,512,1024,524288,524288,262144,32,16,2,1,65536,1,8,864,3,ok,ok,ok,ok,4292749,8.187769,536593.625000,1000.517000,2097433,4.000536,262179.125000,2047.726000,2.046668,0.488599,,
throughput:bf16:bf16xbf16:m16n16k32:ordered:nosat,throughput,bf16,bf16,bf16,ordered,nosat,1,16,16,32,512,512,256,32,16,2,1,2,256,8,864,3,ok,ok,ok,ok,67918,16.581543,33.163086,494.043000,34962,8.535645,17.071289,959.740000,1.942624,0.514768,,
throughput:bf16:bf16xbf16:m32n32k64:ordered:nosat,throughput,bf16,bf16,bf16,ordered,nosat,2,32,32,64,2048,2048,1024,32,16,2,1,16,32,8,864,3,ok,ok,ok,ok,66125,16.143799,258.300781,507.439000,33272,8.123047,129.968750,1008.489000,1.987409,0.503168,,
throughput:bf16:bf16xbf16:m64n64k128:ordered:nosat,throughput,bf16,bf16,bf16,ordered,nosat,4,64,64,128,8192,8192,4096,32,16,2,1,128,4,8,864,3,ok,ok,ok,ok,65931,16.096436,2060.343750,508.933000,33125,8.087158,1035.156250,1012.964000,1.990368,0.502419,,
throughput:bf16:bf16xbf16:m128n128k256:ordered:nosat,throughput,bf16,bf16,bf16,ordered,nosat,8,128,128,256,32768,32768,16384,32,16,2,1,1024,1,8,864,3,ok,ok,ok,ok,131501,16.052368,16437.625000,510.330000,65951,8.050659,8243.875000,1017.556000,1.993918,0.501525,,
throughput:bf16:bf16xbf16:m256n256k512:ordered:nosat,throughput,bf16,bf16,bf16,ordered,nosat,16,256,256,512,131072,131072,65536,32,16,2,1,8192,1,8,864,3,ok,ok,ok,ok,1049911,16.020370,131238.875000,511.349000,525110,8.012543,65638.750000,1022.397000,1.999411,0.500147,,
throughput:bf16:bf16xbf16:m512n512k1024:ordered:nosat,throughput,bf16,bf16,bf16,ordered,nosat,32,512,512,1024,524288,524288,262144,32,16,2,1,65536,1,8,864,3,ok,ok,ok,ok,8397146,16.016285,1049643.250000,511.479000,4198718,8.008419,524839.750000,1022.923000,1.999932,0.500017,,
throughput:tf32:tf32xtf32:m16n16k16:ordered:nosat,throughput,tf32,tf32,tf32,ordered,nosat,1,16,16,16,256,256,256,16,8,2,1,2,256,8,864,3,ok,ok,ok,ok,67922,16.582520,33.165039,247.007000,34842,8.506348,17.012695,481.523000,1.949431,0.512971,,
throughput:tf32:tf32xtf32:m32n32k32:ordered:nosat,throughput,tf32,tf32,tf32,ordered,nosat,2,32,32,32,1024,1024,1024,16,8,2,1,16,32,8,864,3,ok,ok,ok,ok,66125,16.143799,258.300781,253.720000,33274,8.123535,129.976562,504.214000,1.987285,0.503198,,
throughput:tf32:tf32xtf32:m64n64k64:ordered:nosat,throughput,tf32,tf32,tf32,ordered,nosat,4,64,64,64,4096,4096,4096,16,8,2,1,128,4,8,864,3,ok,ok,ok,ok,65929,16.095947,2060.281250,254.474000,33124,8.086914,1035.125000,506.497000,1.990368,0.502419,,
throughput:tf32:tf32xtf32:m128n128k128:ordered:nosat,throughput,tf32,tf32,tf32,ordered,nosat,8,128,128,128,16384,16384,16384,16,8,2,1,1024,1,8,864,3,ok,ok,ok,ok,131506,16.052979,16438.250000,255.155000,65914,8.046143,8239.250000,509.064000,1.995117,0.501224,,
throughput:tf32:tf32xtf32:m256n256k256:ordered:nosat,throughput,tf32,tf32,tf32,ordered,nosat,16,256,256,256,65536,65536,65536,16,8,2,1,8192,1,8,864,3,ok,ok,ok,ok,1049946,16.020905,131243.250000,255.666000,525500,8.018494,65687.500000,510.819000,1.997993,0.500502,,
throughput:tf32:tf32xtf32:m512n512k512:ordered:nosat,throughput,tf32,tf32,tf32,ordered,nosat,32,512,512,512,262144,262144,262144,16,8,2,1,65536,1,8,864,3,ok,ok,ok,ok,8405123,16.031500,1050640.375000,255.497000,4199041,8.009035,524880.125000,511.422000,2.001675,0.499581,,
throughput:fp8:e4m3xe4m3:m16n16k64:ordered:nosat,throughput,fp8,e4m3,e4m3,ordered,nosat,1,16,16,64,1024,1024,256,64,32,2,1,2,256,8,864,3,ok,ok,ok,ok,67920,16.582031,33.164062,988.057000,34960,8.535156,17.070312,1919.590000,1.942793,0.514723,,
throughput:fp8:e4m3xe4m3:m32n32k128:ordered:nosat,throughput,fp8,e4m3,e4m3,ordered,nosat,2,32,32,128,4096,4096,1024,64,32,2,1,16,32,8,864,3,ok,ok,ok,ok,66125,16.143799,258.300781,1014.879000,33271,8.122803,129.964844,2017.038000,1.987466,0.503153,,
throughput:fp8:e4m3xe4m3:m64n64k256:ordered:nosat,throughput,fp8,e4m3,e4m3,ordered,nosat,4,64,64,256,16384,16384,4096,64,32,2,1,128,4,8,864,3,ok,ok,ok,ok,65931,16.096436,2060.343750,1017.865000,32956,8.045898,1029.875000,2036.317000,2.000577,0.499856,,
throughput:fp8:e4m3xe4m3:m128n128k512:ordered:nosat,throughput,fp8,e4m3,e4m3,ordered,nosat,8,128,128,512,65536,65536,16384,64,32,2,1,1024,1,8,864,3,ok,ok,ok,ok,131504,16.052734,16438.000000,1020.636000,65912,8.045898,8239.000000,2036.317000,1.995145,0.501217,,
throughput:fp8:e4m3xe4m3:m256n256k1024:ordered:nosat,throughput,fp8,e4m3,e4m3,ordered,nosat,16,256,256,1024,262144,262144,65536,64,32,2,1,8192,1,8,864,3,ok,ok,ok,ok,1049912,16.020386,131239.000000,1022.697000,525049,8.011612,65631.125000,2045.032000,1.999646,0.500089,,
throughput:fp8:e4m3xe4m3:m512n512k2048:ordered:nosat,throughput,fp8,e4m3,e4m3,ordered,nosat,32,512,512,2048,1048576,1048576,262144,64,32,2,1,65536,1,8,864,3,ok,ok,ok,ok,9760146,18.616001,1220018.250000,880.103000,4198712,8.008408,524839.000000,2045.850000,2.324557,0.430189,,
throughput:fp8:e4m3xe5m2:m16n16k64:ordered:nosat,throughput,fp8,e4m3,e5m2,ordered,nosat,1,16,16,64,1024,1024,256,64,32,2,1,2,256,8,864,3,ok,ok,ok,ok,67919,16.581787,33.163574,988.072000,34997,8.544189,17.088379,1917.560000,1.940709,0.515276,,
throughput:fp8:e4m3xe5m2:m32n32k128:ordered:nosat,throughput,fp8,e4m3,e5m2,ordered,nosat,2,32,32,128,4096,4096,1024,64,32,2,1,16,32,8,864,3,ok,ok,ok,ok,66123,16.143311,258.292969,1014.910000,33271,8.122803,129.964844,2017.038000,1.987406,0.503168,,
throughput:fp8:e4m3xe5m2:m64n64k256:ordered:nosat,throughput,fp8,e4m3,e5m2,ordered,nosat,4,64,64,256,16384,16384,4096,64,32,2,1,128,4,8,864,3,ok,ok,ok,ok,65793,16.062744,2056.031250,1020.000000,33120,8.085938,1035.000000,2026.234000,1.986504,0.503397,,
throughput:fp8:e4m3xe5m2:m128n128k512:ordered:nosat,throughput,fp8,e4m3,e5m2,ordered,nosat,8,128,128,512,65536,65536,16384,64,32,2,1,1024,1,8,864,3,ok,ok,ok,ok,131505,16.052856,16438.125000,1020.628000,65915,8.046265,8239.375000,2036.224000,1.995070,0.501236,,
throughput:fp8:e4m3xe5m2:m256n256k1024:ordered:nosat,throughput,fp8,e4m3,e5m2,ordered,nosat,16,256,256,1024,262144,262144,65536,64,32,2,1,8192,1,8,864,3,ok,ok,ok,ok,1049908,16.020325,131238.500000,1022.701000,525149,8.013138,65643.625000,2044.642000,1.999257,0.500186,,
throughput:fp8:e4m3xe5m2:m512n512k2048:ordered:nosat,throughput,fp8,e4m3,e5m2,ordered,nosat,32,512,512,2048,1048576,1048576,262144,64,32,2,1,65536,1,8,864,3,ok,ok,ok,ok,8397069,16.016138,1049633.625000,1022.968000,4198713,8.008410,524839.125000,2045.849000,1.999915,0.500021,,
throughput:fp8:e5m2xe4m3:m16n16k64:ordered:nosat,throughput,fp8,e5m2,e4m3,ordered,nosat,1,16,16,64,1024,1024,256,64,32,2,1,2,256,8,864,3,ok,ok,ok,ok,67920,16.582031,33.164062,988.057000,34964,8.536133,17.072266,1919.370000,1.942570,0.514782,,
throughput:fp8:e5m2xe4m3:m32n32k128:ordered:nosat,throughput,fp8,e5m2,e4m3,ordered,nosat,2,32,32,128,4096,4096,1024,64,32,2,1,16,32,8,864,3,ok,ok,ok,ok,66123,16.143311,258.292969,1014.910000,33271,8.122803,129.964844,2017.038000,1.987406,0.503168,,
throughput:fp8:e5m2xe4m3:m64n64k256:ordered:nosat,throughput,fp8,e5m2,e4m3,ordered,nosat,4,64,64,256,16384,16384,4096,64,32,2,1,128,4,8,864,3,ok,ok,ok,ok,65930,16.096191,2060.312500,1017.881000,33125,8.087158,1035.156250,2025.928000,1.990339,0.502427,,
throughput:fp8:e5m2xe4m3:m128n128k512:ordered:nosat,throughput,fp8,e5m2,e4m3,ordered,nosat,8,128,128,512,65536,65536,16384,64,32,2,1,1024,1,8,864,3,ok,ok,ok,ok,131506,16.052979,16438.250000,1020.621000,65736,8.024414,8217.000000,2041.769000,2.000516,0.499871,,
throughput:fp8:e5m2xe4m3:m256n256k1024:ordered:nosat,throughput,fp8,e5m2,e4m3,ordered,nosat,16,256,256,1024,262144,262144,65536,64,32,2,1,8192,1,8,864,3,ok,ok,ok,ok,1049904,16.020264,131238.000000,1022.705000,525114,8.012604,65639.250000,2044.779000,1.999383,0.500154,,
throughput:fp8:e5m2xe4m3:m512n512k2048:ordered:nosat,throughput,fp8,e5m2,e4m3,ordered,nosat,32,512,512,2048,1048576,1048576,262144,64,32,2,1,65536,1,8,864,3,ok,ok,ok,ok,8405217,16.031679,1050652.125000,1021.977000,4198711,8.008406,524838.875000,2045.850000,2.001855,0.499536,,
throughput:fp8:e5m2xe5m2:m16n16k64:ordered:nosat,throughput,fp8,e5m2,e5m2,ordered,nosat,1,16,16,64,1024,1024,256,64,32,2,1,2,256,8,864,3,ok,ok,ok,ok,67958,16.591309,33.182617,987.505000,34964,8.536133,17.072266,1919.370000,1.943656,0.514494,,
throughput:fp8:e5m2xe5m2:m32n32k128:ordered:nosat,throughput,fp8,e5m2,e5m2,ordered,nosat,2,32,32,128,4096,4096,1024,64,32,2,1,16,32,8,864,3,ok,ok,ok,ok,66158,16.151855,258.429688,1014.373000,33274,8.123535,129.976562,2016.856000,1.988278,0.502947,,
throughput:fp8:e5m2xe5m2:m64n64k256:ordered:nosat,throughput,fp8,e5m2,e5m2,ordered,nosat,4,64,64,256,16384,16384,4096,64,32,2,1,128,4,8,864,3,ok,ok,ok,ok,65932,16.096680,2060.375000,1017.850000,33124,8.086914,1035.125000,2025.989000,1.990459,0.502396,,
throughput:fp8:e5m2xe5m2:m128n128k512:ordered:nosat,throughput,fp8,e5m2,e5m2,ordered,nosat,8,128,128,512,65536,65536,16384,64,32,2,1,1024,1,8,864,3,ok,ok,ok,ok,131505,16.052856,16438.125000,1020.628000,65915,8.046265,8239.375000,2036.224000,1.995070,0.501236,,
throughput:fp8:e5m2xe5m2:m256n256k1024:ordered:nosat,throughput,fp8,e5m2,e5m2,ordered,nosat,16,256,256,1024,262144,262144,65536,64,32,2,1,8192,1,8,864,3,ok,ok,ok,ok,1049908,16.020325,131238.500000,1022.701000,525115,8.012619,65639.375000,2044.775000,1.999387,0.500153,,
throughput:fp8:e5m2xe5m2:m512n512k2048:ordered:nosat,throughput,fp8,e5m2,e5m2,ordered,nosat,32,512,512,2048,1048576,1048576,262144,64,32,2,1,65536,1,8,864,3,ok,ok,ok,ok,8397033,16.016069,1049629.125000,1022.973000,4198718,8.008419,524839.750000,2045.847000,1.999903,0.500024,,
throughput:int8:u8xu8:m16n16k64:ordered:nosat,throughput,int8,u8,u8,ordered,nosat,1,16,16,64,1024,1024,256,64,32,2,1,2,256,8,864,3,ok,ok,ok,ok,45753,11.170166,22.340332,1466.764000,30038,7.333496,14.666992,2234.132000,1.523171,0.656525,,
throughput:int8:u8xu8:m32n32k128:ordered:nosat,throughput,int8,u8,u8,ordered,nosat,2,32,32,128,4096,4096,1024,64,32,2,1,16,32,8,864,3,ok,ok,ok,ok,36476,8.905273,142.484375,1839.809000,19253,4.700439,75.207031,3485.632000,1.894562,0.527827,,
throughput:int8:u8xu8:m64n64k256:ordered:nosat,throughput,int8,u8,u8,ordered,nosat,4,64,64,256,16384,16384,4096,64,32,2,1,128,4,8,864,3,ok,ok,ok,ok,35303,8.618896,1103.218750,1900.939000,17908,4.372070,559.625000,3747.424000,1.971354,0.507266,,
throughput:int8:u8xu8:m128n128k512:ordered:nosat,throughput,int8,u8,u8,ordered,nosat,8,128,128,512,65536,65536,16384,64,32,2,1,1024,1,8,864,3,ok,ok,ok,ok,70291,8.580444,8786.375000,1909.458000,35172,4.293457,4396.500000,3816.039000,1.998493,0.500377,,
throughput:int8:u8xu8:m256n256k1024:ordered:nosat,throughput,int8,u8,u8,ordered,nosat,16,256,256,1024,262144,262144,65536,64,32,2,1,8192,1,8,864,3,ok,ok,ok,ok,557453,8.506058,69681.625000,1926.157000,278908,4.255798,34863.500000,3849.806000,1.998698,0.500326,,
throughput:int8:u8xu8:m512n512k2048:ordered:nosat,throughput,int8,u8,u8,ordered,nosat,32,512,512,2048,1048576,1048576,262144,64,32,2,1,65536,1,8,864,3,ok,ok,ok,ok,4456848,8.500763,557106.000000,1927.356000,2228578,4.250675,278572.250000,3854.446000,1.999862,0.500035,,
throughput:int8:u8xu8:m16n16k64:ordered:sat,throughput,int8,u8,u8,ordered,satfinite,1,16,16,64,1024,1024,256,64,32,2,1,2,256,8,864,3,ok,ok,ok,ok,45734,11.165527,22.331055,1467.374000,30008,7.326172,14.652344,2236.366000,1.524060,0.656142,,
throughput:int8:u8xu8:m32n32k128:ordered:sat,throughput,int8,u8,u8,ordered,satfinite,2,32,32,128,4096,4096,1024,64,32,2,1,16,32,8,864,3,ok,ok,ok,ok,36392,8.884766,142.156250,1844.055000,19249,4.699463,75.191406,3486.356000,1.890592,0.528935,,
throughput:int8:u8xu8:m64n64k256:ordered:sat,throughput,int8,u8,u8,ordered,satfinite,4,64,64,256,16384,16384,4096,64,32,2,1,128,4,8,864,3,ok,ok,ok,ok,35183,8.589600,1099.468750,1907.423000,17910,4.372559,559.687500,3747.005000,1.964433,0.509053,,
throughput:int8:u8xu8:m128n128k512:ordered:sat,throughput,int8,u8,u8,ordered,satfinite,8,128,128,512,65536,65536,16384,64,32,2,1,1024,1,8,864,3,ok,ok,ok,ok,69993,8.544067,8749.125000,1917.588000,35171,4.293335,4396.375000,3816.148000,1.990077,0.502493,,
throughput:int8:u8xu8:m256n256k1024:ordered:sat,throughput,int8,u8,u8,ordered,satfinite,16,256,256,1024,262144,262144,65536,64,32,2,1,8192,1,8,864,3,ok,ok,ok,ok,557413,8.505447,69676.625000,1926.295000,278885,4.255447,34860.625000,3850.124000,1.998720,0.500320,,
throughput:int8:u8xu8:m512n512k2048:ordered:sat,throughput,int8,u8,u8,ordered,satfinite,32,512,512,2048,1048576,1048576,262144,64,32,2,1,65536,1,8,864,3,ok,ok,ok,ok,4456791,8.500654,557098.875000,1927.381000,2228580,4.250679,278572.500000,3854.443000,1.999834,0.500041,,
throughput:int8:u8xs8:m16n16k64:ordered:nosat,throughput,int8,u8,s8,ordered,nosat,1,16,16,64,1024,1024,256,64,32,2,1,2,256,8,864,3,ok,ok,ok,ok,45712,11.160156,22.320312,1468.080000,30006,7.325684,14.651367,2236.515000,1.523429,0.656414,,
throughput:int8:u8xs8:m32n32k128:ordered:nosat,throughput,int8,u8,s8,ordered,nosat,2,32,32,128,4096,4096,1024,64,32,2,1,16,32,8,864,3,ok,ok,ok,ok,36471,8.904053,142.464844,1840.061000,19254,4.700684,75.210938,3485.451000,1.894204,0.527926,,
throughput:int8:u8xs8:m64n64k256:ordered:nosat,throughput,int8,u8,s8,ordered,nosat,4,64,64,256,16384,16384,4096,64,32,2,1,128,4,8,864,3,ok,ok,ok,ok,35801,8.740479,1118.781250,1874.497000,17909,4.372314,559.656250,3747.214000,1.999050,0.500237,,
throughput:int8:u8xs8:m128n128k512:ordered:nosat,throughput,int8,u8,s8,ordered,nosat,8,128,128,512,65536,65536,16384,64,32,2,1,1024,1,8,864,3,ok,ok,ok,ok,69991,8.543823,8748.875000,1917.643000,35175,4.293823,4396.875000,3815.714000,1.989794,0.502565,,
throughput:int8:u8xs8:m256n256k1024:ordered:nosat,throughput,int8,u8,s8,ordered,nosat,16,256,256,1024,262144,262144,65536,64,32,2,1,8192,1,8,864,3,ok,ok,ok,ok,557453,8.506058,69681.625000,1926.157000,278885,4.255447,34860.625000,3850.124000,1.998863,0.500284,,
throughput:int8:u8xs8:m512n512k2048:ordered:nosat,throughput,int8,u8,s8,ordered,nosat,32,512,512,2048,1048576,1048576,262144,64,32,2,1,65536,1,8,864,3,ok,ok,ok,ok,4456629,8.500345,557078.625000,1927.451000,2228410,4.250355,278551.250000,3854.737000,1.999914,0.500021,,
throughput:int8:u8xs8:m16n16k64:ordered:sat,throughput,int8,u8,s8,ordered,satfinite,1,16,16,64,1024,1024,256,64,32,2,1,2,256,8,864,3,ok,ok,ok,ok,45715,11.160889,22.321777,1467.983000,30172,7.366211,14.732422,2224.210000,1.515147,0.660002,,
throughput:int8:u8xs8:m32n32k128:ordered:sat,throughput,int8,u8,s8,ordered,satfinite,2,32,32,128,4096,4096,1024,64,32,2,1,16,32,8,864,3,ok,ok,ok,ok,36471,8.904053,142.464844,1840.061000,19254,4.700684,75.210938,3485.451000,1.894204,0.527926,,
throughput:int8:u8xs8:m64n64k256:ordered:sat,throughput,int8,u8,s8,ordered,satfinite,4,64,64,256,16384,16384,4096,64,32,2,1,128,4,8,864,3,ok,ok,ok,ok,35299,8.617920,1103.093750,1901.155000,17998,4.394043,562.437500,3728.685000,1.961274,0.509873,,
throughput:int8:u8xs8:m128n128k512:ordered:sat,throughput,int8,u8,s8,ordered,satfinite,8,128,128,512,65536,65536,16384,64,32,2,1,1024,1,8,864,3,ok,ok,ok,ok,69991,8.543823,8748.875000,1917.643000,35173,4.293579,4396.625000,3815.931000,1.989907,0.502536,,
throughput:int8:u8xs8:m256n256k1024:ordered:sat,throughput,int8,u8,s8,ordered,satfinite,16,256,256,1024,262144,262144,65536,64,32,2,1,8192,1,8,864,3,ok,ok,ok,ok,557418,8.505524,69677.250000,1926.278000,278920,4.255981,34865.000000,3849.641000,1.998487,0.500379,,
throughput:int8:u8xs8:m512n512k2048:ordered:sat,throughput,int8,u8,s8,ordered,satfinite,32,512,512,2048,1048576,1048576,262144,64,32,2,1,65536,1,8,864,3,ok,ok,ok,ok,4456629,8.500345,557078.625000,1927.451000,2228582,4.250683,278572.750000,3854.440000,1.999760,0.500060,,
throughput:int8:s8xu8:m16n16k64:ordered:nosat,throughput,int8,s8,u8,ordered,nosat,1,16,16,64,1024,1024,256,64,32,2,1,2,256,8,864,3,ok,ok,ok,ok,45713,11.160400,22.320801,1468.048000,30004,7.325195,14.650391,2236.664000,1.523563,0.656356,,
throughput:int8:s8xu8:m32n32k128:ordered:nosat,throughput,int8,s8,u8,ordered,nosat,2,32,32,128,4096,4096,1024,64,32,2,1,16,32,8,864,3,ok,ok,ok,ok,36507,8.912842,142.605469,1838.246000,19258,4.701660,75.226562,3484.727000,1.895680,0.527515,,
throughput:int8:s8xu8:m64n64k256:ordered:nosat,throughput,int8,s8,u8,ordered,nosat,4,64,64,256,16384,16384,4096,64,32,2,1,128,4,8,864,3,ok,ok,ok,ok,35299,8.617920,1103.093750,1901.155000,17911,4.372803,559.718750,3746.796000,1.970800,0.507408,,
throughput:int8:s8xu8:m128n128k512:ordered:nosat,throughput,int8,s8,u8,ordered,nosat,8,128,128,512,65536,65536,16384,64,32,2,1,1024,1,8,864,3,ok,ok,ok,ok,69990,8.543701,8748.750000,1917.670000,35176,4.293945,4397.000000,3815.605000,1.989709,0.502586,,
throughput:int8:s8xu8:m256n256k1024:ordered:nosat,throughput,int8,s8,u8,ordered,nosat,16,256,256,1024,262144,262144,65536,64,32,2,1,8192,1,8,864,3,ok,ok,ok,ok,557417,8.505508,69677.125000,1926.281000,278846,4.254852,34855.750000,3850.662000,1.999014,0.500247,,
throughput:int8:s8xu8:m512n512k2048:ordered:nosat,throughput,int8,s8,u8,ordered,nosat,32,512,512,2048,1048576,1048576,262144,64,32,2,1,65536,1,8,864,3,ok,ok,ok,ok,4456806,8.500683,557100.750000,1927.375000,2228844,4.251183,278605.500000,3853.986000,1.999604,0.500099,,
throughput:int8:s8xu8:m16n16k64:ordered:sat,throughput,int8,s8,u8,ordered,satfinite,1,16,16,64,1024,1024,256,64,32,2,1,2,256,8,864,3,ok,ok,ok,ok,45719,11.161865,22.323730,1467.855000,30007,7.325928,14.651855,2236.440000,1.523611,0.656335,,
throughput:int8:s8xu8:m32n32k128:ordered:sat,throughput,int8,s8,u8,ordered,satfinite,2,32,32,128,4096,4096,1024,64,32,2,1,16,32,8,864,3,ok,ok,ok,ok,36831,8.991943,143.871094,1822.076000,19255,4.700928,75.214844,3485.269000,1.912801,0.522793,,
throughput:int8:s8xu8:m64n64k256:ordered:sat,throughput,int8,s8,u8,ordered,satfinite,4,64,64,256,16384,16384,4096,64,32,2,1,128,4,8,864,3,ok,ok,ok,ok,35344,8.628906,1104.500000,1898.734000,17909,4.372314,559.656250,3747.214000,1.973533,0.506706,,
throughput:int8:s8xu8:m128n128k512:ordered:sat,throughput,int8,s8,u8,ordered,satfinite,8,128,128,512,65536,65536,16384,64,32,2,1,1024,1,8,864,3,ok,ok,ok,ok,69992,8.543945,8749.000000,1917.615000,35173,4.293579,4396.625000,3815.931000,1.989936,0.502529,,
throughput:int8:s8xu8:m256n256k1024:ordered:sat,throughput,int8,s8,u8,ordered,satfinite,16,256,256,1024,262144,262144,65536,64,32,2,1,8192,1,8,864,3,ok,ok,ok,ok,557415,8.505478,69676.875000,1926.288000,278890,4.255524,34861.250000,3850.055000,1.998691,0.500327,,
throughput:int8:s8xu8:m512n512k2048:ordered:sat,throughput,int8,s8,u8,ordered,satfinite,32,512,512,2048,1048576,1048576,262144,64,32,2,1,65536,1,8,864,3,ok,ok,ok,ok,4456973,8.501001,557121.625000,1927.302000,2228458,4.250446,278557.250000,3854.654000,2.000026,0.499994,,
throughput:int8:s8xs8:m16n16k64:ordered:nosat,throughput,int8,s8,s8,ordered,nosat,1,16,16,64,1024,1024,256,64,32,2,1,2,256,8,864,3,ok,ok,ok,ok,45715,11.160889,22.321777,1467.983000,30684,7.491211,14.982422,2187.096000,1.489865,0.671202,,
throughput:int8:s8xs8:m32n32k128:ordered:nosat,throughput,int8,s8,s8,ordered,nosat,2,32,32,128,4096,4096,1024,64,32,2,1,16,32,8,864,3,ok,ok,ok,ok,36477,8.905518,142.488281,1839.758000,19256,4.701172,75.218750,3485.088000,1.894319,0.527894,,
throughput:int8:s8xs8:m64n64k256:ordered:nosat,throughput,int8,s8,s8,ordered,nosat,4,64,64,256,16384,16384,4096,64,32,2,1,128,4,8,864,3,ok,ok,ok,ok,35302,8.618652,1103.187500,1900.993000,17979,4.389404,561.843750,3732.625000,1.963513,0.509291,,
throughput:int8:s8xs8:m128n128k512:ordered:nosat,throughput,int8,s8,s8,ordered,nosat,8,128,128,512,65536,65536,16384,64,32,2,1,1024,1,8,864,3,ok,ok,ok,ok,69991,8.543823,8748.875000,1917.643000,35175,4.293823,4396.875000,3815.714000,1.989794,0.502565,,
throughput:int8:s8xs8:m256n256k1024:ordered:nosat,throughput,int8,s8,s8,ordered,nosat,16,256,256,1024,262144,262144,65536,64,32,2,1,8192,1,8,864,3,ok,ok,ok,ok,557415,8.505478,69676.875000,1926.288000,278890,4.255524,34861.250000,3850.055000,1.998691,0.500327,,
throughput:int8:s8xs8:m512n512k2048:ordered:nosat,throughput,int8,s8,s8,ordered,nosat,32,512,512,2048,1048576,1048576,262144,64,32,2,1,65536,1,8,864,3,ok,ok,ok,ok,4456607,8.500303,557075.875000,1927.461000,2228612,4.250740,278576.500000,3854.388000,1.999723,0.500069,,
throughput:int8:s8xs8:m16n16k64:ordered:sat,throughput,int8,s8,s8,ordered,satfinite,1,16,16,64,1024,1024,256,64,32,2,1,2,256,8,864,3,ok,ok,ok,ok,45592,11.130859,22.261719,1471.944000,30008,7.326172,14.652344,2236.366000,1.519328,0.658186,,
throughput:int8:s8xs8:m32n32k128:ordered:sat,throughput,int8,s8,s8,ordered,satfinite,2,32,32,128,4096,4096,1024,64,32,2,1,16,32,8,864,3,ok,ok,ok,ok,36782,8.979980,143.679688,1824.503000,19257,4.701416,75.222656,3484.908000,1.910059,0.523544,,
throughput:int8:s8xs8:m64n64k256:ordered:sat,throughput,int8,s8,s8,ordered,satfinite,4,64,64,256,16384,16384,4096,64,32,2,1,128,4,8,864,3,ok,ok,ok,ok,35302,8.618652,1103.187500,1900.993000,17910,4.372559,559.687500,3747.005000,1.971078,0.507337,,
throughput:int8:s8xs8:m128n128k512:ordered:sat,throughput,int8,s8,s8,ordered,satfinite,8,128,128,512,65536,65536,16384,64,32,2,1,1024,1,8,864,3,ok,ok,ok,ok,69988,8.543457,8748.500000,1917.725000,35174,4.293701,4396.750000,3815.822000,1.989765,0.502572,,
throughput:int8:s8xs8:m256n256k1024:ordered:sat,throughput,int8,s8,s8,ordered,satfinite,16,256,256,1024,262144,262144,65536,64,32,2,1,8192,1,8,864,3,ok,ok,ok,ok,557415,8.505478,69676.875000,1926.288000,278886,4.255463,34860.750000,3850.110000,1.998720,0.500320,,
throughput:int8:s8xs8:m512n512k2048:ordered:sat,throughput,int8,s8,s8,ordered,satfinite,32,512,512,2048,1048576,1048576,262144,64,32,2,1,65536,1,8,864,3,ok,ok,ok,ok,4456755,8.500586,557094.375000,1927.397000,2228584,4.250687,278573.000000,3854.436000,1.999814,0.500046,,
throughput:int4:u4xu4:m16n16k128:ordered:nosat,throughput,int4,u4,u4,ordered,nosat,1,16,16,128,2048,2048,256,128,64,2,1,2,256,8,864,3,ok,ok,ok,ok,1474762,360.049316,720.098633,91.010000,3551786,867.135254,1734.270508,37.789000,0.415218,2.408379,,
throughput:int4:u4xu4:m32n32k256:ordered:nosat,throughput,int4,u4,u4,ordered,nosat,2,32,32,256,8192,8192,1024,128,64,2,1,16,32,8,864,3,ok,ok,ok,ok,1455146,355.260254,5684.164062,92.237000,3522552,859.998047,13759.968750,38.102000,0.413088,2.420755,,
throughput:int4:u4xu4:m64n64k512:ordered:nosat,throughput,int4,u4,u4,ordered,nosat,4,64,64,512,32768,32768,4096,128,64,2,1,128,4,8,864,3,ok,ok,ok,ok,1452265,354.556885,45383.281250,92.420000,3520546,859.508301,110017.062500,38.124000,0.412508,2.424176,,
throughput:int4:u4xu4:m128n128k1024:ordered:nosat,throughput,int4,u4,u4,ordered,nosat,8,128,128,1024,131072,131072,16384,128,64,2,1,1024,1,8,864,3,ok,ok,ok,ok,2903814,354.469482,362976.750000,92.442000,7039503,859.314331,879937.875000,38.133000,0.412507,2.424227,,
throughput:int4:u4xu4:m256n256k2048:ordered:nosat,throughput,int4,u4,u4,ordered,nosat,16,256,256,2048,524288,524288,65536,128,64,2,1,8192,1,8,864,3,ok,ok,ok,ok,23223500,354.362488,2902937.500000,92.470000,64059632,977.472412,8007454.000000,33.523000,0.362528,2.758397,,
throughput:int4:u4xu4:m512n512k4096:ordered:nosat,throughput,int4,u4,u4,ordered,nosat,32,512,512,4096,2097152,2097152,262144,128,64,2,1,65536,1,8,864,3,ok,ok,ok,ok,198780665,379.144030,24847583.125000,86.426000,482129094,919.588268,60266136.750000,35.633000,0.412295,2.425433,,
throughput:int4:u4xu4:m16n16k128:ordered:sat,throughput,int4,u4,u4,ordered,satfinite,1,16,16,128,2048,2048,256,128,64,2,1,2,256,8,864,3,ok,ok,ok,ok,1510337,368.734619,737.469238,88.866000,3599988,878.903320,1757.806641,37.283000,0.419542,2.383566,,
throughput:int4:u4xu4:m32n32k256:ordered:sat,throughput,int4,u4,u4,ordered,satfinite,2,32,32,256,8192,8192,1024,128,64,2,1,16,32,8,864,3,ok,ok,ok,ok,1483911,362.282959,5796.527344,90.449000,3569820,871.538086,13944.609375,37.598000,0.415682,2.405683,,
throughput:int4:u4xu4:m64n64k512:ordered:sat,throughput,int4,u4,u4,ordered,satfinite,4,64,64,512,32768,32768,4096,128,64,2,1,128,4,8,864,3,ok,ok,ok,ok,1480641,361.484619,46270.031250,90.648000,3564517,870.243408,111391.156250,37.654000,0.415387,2.407415,,
throughput:int4:u4xu4:m128n128k1024:ordered:sat,throughput,int4,u4,u4,ordered,satfinite,8,128,128,1024,131072,131072,16384,128,64,2,1,1024,1,8,864,3,ok,ok,ok,ok,2959934,361.320068,369991.750000,90.690000,7129157,870.258423,891144.625000,37.653000,0.415184,2.408553,,
throughput:int4:u4xu4:m256n256k2048:ordered:sat,throughput,int4,u4,u4,ordered,satfinite,16,256,256,2048,524288,524288,65536,128,64,2,1,8192,1,8,864,3,ok,ok,ok,ok,23675383,361.257675,2959422.875000,90.705000,62204118,949.159515,7775514.750000,34.523000,0.380607,2.627375,,
throughput:int4:u4xu4:m512n512k4096:ordered:sat,throughput,int4,u4,u4,ordered,satfinite,32,512,512,4096,2097152,2097152,262144,128,64,2,1,65536,1,8,864,3,ok,ok,ok,ok,185828851,354.440405,23228606.375000,92.450000,487809838,930.423428,60976229.750000,35.218000,0.380941,2.625049,,
throughput:int4:u4xs4:m16n16k128:ordered:nosat,throughput,int4,u4,s4,ordered,nosat,1,16,16,128,2048,2048,256,128,64,2,1,2,256,8,864,3,ok,ok,ok,ok,2925525,714.239502,1428.479004,45.878000,4918510,1200.808105,2401.616211,27.288000,0.594795,1.681240,,
throughput:int4:u4xs4:m32n32k256:ordered:nosat,throughput,int4,u4,s4,ordered,nosat,2,32,32,256,8192,8192,1024,128,64,2,1,16,32,8,864,3,ok,ok,ok,ok,2900182,708.052246,11328.835938,46.279000,5007769,1222.599854,19561.597656,26.802000,0.579140,1.726709,,
throughput:int4:u4xs4:m64n64k512:ordered:nosat,throughput,int4,u4,s4,ordered,nosat,4,64,64,512,32768,32768,4096,128,64,2,1,128,4,8,864,3,ok,ok,ok,ok,2896760,707.216797,90523.750000,46.334000,4970339,1213.461670,155323.093750,27.004000,0.582812,1.715827,,
throughput:int4:u4xs4:m128n128k1024:ordered:nosat,throughput,int4,u4,s4,ordered,nosat,8,128,128,1024,131072,131072,16384,128,64,2,1,1024,1,8,864,3,ok,ok,ok,ok,5792276,707.064941,724034.500000,46.344000,9986111,1219.007690,1248263.875000,26.881000,0.580032,1.724039,,
throughput:int4:u4xs4:m256n256k2048:ordered:nosat,throughput,int4,u4,s4,ordered,nosat,16,256,256,2048,524288,524288,65536,128,64,2,1,8192,1,8,864,3,ok,ok,ok,ok,47584918,726.088226,5948114.750000,45.130000,80473337,1227.925674,10059167.125000,26.686000,0.591314,1.691152,,
throughput:int4:u4xs4:m512n512k4096:ordered:nosat,throughput,int4,u4,s4,ordered,nosat,32,512,512,4096,2097152,2097152,262144,128,64,2,1,65536,1,8,864,3,ok,ok,ok,ok,386873062,737.901806,48359132.750000,44.407000,653756686,1246.941921,81719585.750000,26.279000,0.591776,1.689848,,
throughput:int4:u4xs4:m16n16k128:ordered:sat,throughput,int4,u4,s4,ordered,satfinite,1,16,16,128,2048,2048,256,128,64,2,1,2,256,8,864,3,ok,ok,ok,ok,2921225,713.189697,1426.379395,45.946000,4929167,1203.409912,2406.819824,27.229000,0.592630,1.687363,,
throughput:int4:u4xs4:m32n32k256:ordered:sat,throughput,int4,u4,s4,ordered,satfinite,2,32,32,256,8192,8192,1024,128,64,2,1,16,32,8,864,3,ok,ok,ok,ok,2902133,708.528564,11336.457031,46.248000,4951421,1208.843018,19341.488281,27.107000,0.586123,1.706132,,
throughput:int4:u4xs4:m64n64k512:ordered:sat,throughput,int4,u4,s4,ordered,satfinite,4,64,64,512,32768,32768,4096,128,64,2,1,128,4,8,864,3,ok,ok,ok,ok,2902595,708.641357,90706.093750,46.241000,4913889,1199.679932,153559.031250,27.314000,0.590688,1.692930,,
throughput:int4:u4xs4:m128n128k1024:ordered:sat,throughput,int4,u4,s4,ordered,satfinite,8,128,128,1024,131072,131072,16384,128,64,2,1,1024,1,8,864,3,ok,ok,ok,ok,5818959,710.322144,727369.875000,46.131000,9899713,1208.461060,1237464.125000,27.115000,0.587783,1.701286,,
throughput:int4:u4xs4:m256n256k2048:ordered:sat,throughput,int4,u4,s4,ordered,satfinite,16,256,256,2048,524288,524288,65536,128,64,2,1,8192,1,8,864,3,ok,ok,ok,ok,48103195,733.996506,6012899.375000,44.643000,79663356,1215.566345,9957919.500000,26.957000,0.603835,1.656093,,
throughput:int4:u4xs4:m512n512k4096:ordered:sat,throughput,int4,u4,s4,ordered,satfinite,32,512,512,4096,2097152,2097152,262144,128,64,2,1,65536,1,8,864,3,ok,ok,ok,ok,381121698,726.931950,47640212.250000,45.077000,662255434,1263.151997,82781929.250000,25.941000,0.575482,1.737648,,
throughput:int4:s4xu4:m16n16k128:ordered:nosat,throughput,int4,s4,u4,ordered,nosat,1,16,16,128,2048,2048,256,128,64,2,1,2,256,8,864,3,ok,ok,ok,ok,4596291,1122.141357,2244.282715,29.201000,4983210,1216.604004,2433.208008,26.934000,0.922366,1.084181,,
throughput:int4:s4xu4:m32n32k256:ordered:nosat,throughput,int4,s4,u4,ordered,nosat,2,32,32,256,8192,8192,1024,128,64,2,1,16,32,8,864,3,ok,ok,ok,ok,4570636,1115.877930,17854.046875,29.365000,5019901,1225.561768,19608.988281,26.737000,0.910506,1.098294,,
throughput:int4:s4xu4:m64n64k512:ordered:nosat,throughput,int4,s4,u4,ordered,nosat,4,64,64,512,32768,32768,4096,128,64,2,1,128,4,8,864,3,ok,ok,ok,ok,4567406,1115.089355,142731.437500,29.386000,5010629,1223.298096,156582.156250,26.787000,0.911557,1.097040,,
throughput:int4:s4xu4:m128n128k1024:ordered:nosat,throughput,int4,s4,u4,ordered,nosat,8,128,128,1024,131072,131072,16384,128,64,2,1,1024,1,8,864,3,ok,ok,ok,ok,9133567,1114.937378,1141695.875000,29.390000,10000905,1220.813599,1250113.125000,26.841000,0.913270,1.094962,,
throughput:int4:s4xu4:m256n256k2048:ordered:nosat,throughput,int4,s4,u4,ordered,nosat,16,256,256,2048,524288,524288,65536,128,64,2,1,8192,1,8,864,3,ok,ok,ok,ok,79406909,1211.653275,9925863.625000,27.044000,81915132,1249.925720,10239391.500000,26.216000,0.969383,1.031587,,
throughput:int4:s4xu4:m512n512k4096:ordered:nosat,throughput,int4,s4,u4,ordered,nosat,32,512,512,4096,2097152,2097152,262144,128,64,2,1,65536,1,8,864,3,ok,ok,ok,ok,615638924,1174.238060,76954865.500000,27.906000,660114126,1259.067776,82514265.750000,26.026000,0.932631,1.072242,,
throughput:int4:s4xu4:m16n16k128:ordered:sat,throughput,int4,s4,u4,ordered,satfinite,1,16,16,128,2048,2048,256,128,64,2,1,2,256,8,864,3,ok,ok,ok,ok,4627270,1129.704590,2259.409180,29.006000,4950978,1208.734863,2417.469727,27.109000,0.934600,1.069957,,
throughput:int4:s4xu4:m32n32k256:ordered:sat,throughput,int4,s4,u4,ordered,satfinite,2,32,32,256,8192,8192,1024,128,64,2,1,16,32,8,864,3,ok,ok,ok,ok,4600792,1123.240234,17971.843750,29.173000,5012443,1223.740967,19579.855469,26.777000,0.917869,1.089474,,
throughput:int4:s4xu4:m64n64k512:ordered:sat,throughput,int4,s4,u4,ordered,satfinite,4,64,64,512,32768,32768,4096,128,64,2,1,128,4,8,864,3,ok,ok,ok,ok,4597229,1122.370361,143663.406250,29.195000,4987052,1217.541992,155845.375000,26.913000,0.921836,1.084795,,
throughput:int4:s4xu4:m128n128k1024:ordered:sat,throughput,int4,s4,u4,ordered,satfinite,8,128,128,1024,131072,131072,16384,128,64,2,1,1024,1,8,864,3,ok,ok,ok,ok,9193149,1122.210571,1149143.625000,29.200000,9993200,1219.873047,1249150.000000,26.862000,0.919932,1.087027,,
throughput:int4:s4xu4:m256n256k2048:ordered:sat,throughput,int4,s4,u4,ordered,satfinite,16,256,256,2048,524288,524288,65536,128,64,2,1,8192,1,8,864,3,ok,ok,ok,ok,78903648,1203.974121,9862956.000000,27.217000,85672501,1307.258621,10709062.625000,25.066000,0.920969,1.085786,,
throughput:int4:s4xu4:m512n512k4096:ordered:sat,throughput,int4,s4,u4,ordered,satfinite,32,512,512,4096,2097152,2097152,262144,128,64,2,1,65536,1,8,864,3,ok,ok,ok,ok,623034032,1188.343109,77879254.000000,27.575000,665091565,1268.561487,83136445.625000,25.831000,0.936754,1.067504,,
throughput:int4:s4xs4:m16n16k128:ordered:nosat,throughput,int4,s4,s4,ordered,nosat,1,16,16,128,2048,2048,256,128,64,2,1,2,256,8,864,3,ok,ok,ok,ok,5072945,1238.511963,2477.023926,26.458000,6346781,1549.507080,3099.014160,21.147000,0.799267,1.251104,,
throughput:int4:s4xs4:m32n32k256:ordered:nosat,throughput,int4,s4,s4,ordered,nosat,2,32,32,256,8192,8192,1024,128,64,2,1,16,32,8,864,3,ok,ok,ok,ok,5015969,1224.601807,19593.628906,26.758000,6364975,1553.948975,24863.183594,21.087000,0.788063,1.268942,,
throughput:int4:s4xs4:m64n64k512:ordered:nosat,throughput,int4,s4,s4,ordered,nosat,4,64,64,512,32768,32768,4096,128,64,2,1,128,4,8,864,3,ok,ok,ok,ok,4963475,1211.785889,155108.593750,27.041000,6371700,1555.590820,199115.625000,21.065000,0.779002,1.283718,,
throughput:int4:s4xs4:m128n128k1024:ordered:nosat,throughput,int4,s4,s4,ordered,nosat,8,128,128,1024,131072,131072,16384,128,64,2,1,1024,1,8,864,3,ok,ok,ok,ok,9948117,1214.369751,1243514.625000,26.984000,12724154,1553.241455,1590519.250000,21.097000,0.781834,1.279052,,
throughput:int4:s4xs4:m256n256k2048:ordered:nosat,throughput,int4,s4,s4,ordered,nosat,16,256,256,2048,524288,524288,65536,128,64,2,1,8192,1,8,864,3,ok,ok,ok,ok,85330712,1302.043335,10666339.000000,25.167000,105917233,1616.168716,13239654.125000,20.275000,0.805618,1.241256,,
throughput:int4:s4xs4:m512n512k4096:ordered:nosat,throughput,int4,s4,s4,ordered,nosat,32,512,512,4096,2097152,2097152,262144,128,64,2,1,65536,1,8,864,3,ok,ok,ok,ok,680845690,1298.610096,85105711.250000,25.233000,839098119,1600.452650,104887264.875000,20.474000,0.811398,1.232435,,
throughput:int4:s4xs4:m16n16k128:ordered:sat,throughput,int4,s4,s4,ordered,satfinite,1,16,16,128,2048,2048,256,128,64,2,1,2,256,8,864,3,ok,ok,ok,ok,5029245,1227.843018,2455.686035,26.687000,6392442,1560.654785,3121.309570,20.996000,0.786750,1.271054,,
throughput:int4:s4xs4:m32n32k256:ordered:sat,throughput,int4,s4,s4,ordered,satfinite,2,32,32,256,8192,8192,1024,128,64,2,1,16,32,8,864,3,ok,ok,ok,ok,4881379,1191.742920,19067.886719,27.496000,6414578,1566.059082,25056.945312,20.924000,0.760983,1.314091,,
throughput:int4:s4xs4:m64n64k512:ordered:sat,throughput,int4,s4,s4,ordered,satfinite,4,64,64,512,32768,32768,4096,128,64,2,1,128,4,8,864,3,ok,ok,ok,ok,4882607,1192.042725,152581.468750,27.489000,6416510,1566.530762,200515.937500,20.918000,0.760959,1.314157,,
throughput:int4:s4xs4:m128n128k1024:ordered:sat,throughput,int4,s4,s4,ordered,satfinite,8,128,128,1024,131072,131072,16384,128,64,2,1,1024,1,8,864,3,ok,ok,ok,ok,10379482,1267.026611,1297435.250000,25.862000,13828784,1688.083984,1728598.000000,19.411000,0.750561,1.332319,,
throughput:int4:s4xs4:m256n256k2048:ordered:sat,throughput,int4,s4,s4,ordered,satfinite,16,256,256,2048,524288,524288,65536,128,64,2,1,8192,1,8,864,3,ok,ok,ok,ok,82176872,1253.919556,10272109.000000,26.132000,111535342,1701.894257,13941917.750000,19.254000,0.736798,1.357260,,
throughput:int4:s4xs4:m512n512k4096:ordered:sat,throughput,int4,s4,s4,ordered,satfinite,32,512,512,4096,2097152,2097152,262144,128,64,2,1,65536,1,8,864,3,ok,ok,ok,ok,653517823,1246.486326,81689727.875000,26.288000,866404266,1652.534992,108300533.250000,19.829000,0.754299,1.325755,,
latency:f16:f16xf16:m16n16k32:ordered:nosat,latency,f16,f16,f16,ordered,nosat,1,16,16,32,512,512,256,32,16,2,1,2,2048,1,864,3,ok,ok,ok,ok,541428,132.184570,264.369141,61.974000,275968,67.375000,134.750000,121.588000,1.961920,0.509704,,
latency:f16:f16xf16:m32n32k64:ordered:nosat,latency,f16,f16,f16,ordered,nosat,2,32,32,64,2048,2048,1024,32,16,2,1,16,256,1,864,3,ok,ok,ok,ok,525454,128.284668,2052.554688,63.858000,264233,64.510010,1032.160156,126.988000,1.988600,0.502866,,
latency:f16:f16xf16:m64n64k128:ordered:nosat,latency,f16,f16,f16,ordered,nosat,4,64,64,128,8192,8192,4096,32,16,2,1,128,32,1,864,3,ok,ok,ok,ok,525196,128.221680,16412.375000,63.889000,262866,64.176270,8214.562500,127.648000,1.997965,0.500510,,
latency:f16:f16xf16:m128n128k256:ordered:nosat,latency,f16,f16,f16,ordered,nosat,8,128,128,256,32768,32768,16384,32,16,2,1,1024,4,1,864,3,ok,ok,ok,ok,525923,128.399170,131480.750000,63.801000,262752,64.148438,65688.000000,127.704000,2.001599,0.499602,,
latency:f16:f16xf16:m256n256k512:ordered:nosat,latency,f16,f16,f16,ordered,nosat,16,256,256,512,131072,131072,65536,32,16,2,1,8192,1,1,864,3,ok,ok,ok,ok,1049739,128.141968,1049739.000000,63.929000,525124,64.102051,525124.000000,127.796000,1.999030,0.500242,,
latency:f16:f16xf16:m512n512k1024:ordered:nosat,latency,f16,f16,f16,ordered,nosat,32,512,512,1024,524288,524288,262144,32,16,2,1,65536,1,1,864,3,ok,ok,ok,ok,8396974,128.127655,8396974.000000,63.936000,4198725,64.067459,4198725.000000,127.865000,1.999891,0.500028,,
latency:f16f16:f16xf16:m16n16k32:ordered:nosat,latency,f16f16,f16,f16,ordered,nosat,1,16,16,32,512,512,256,32,16,2,1,2,2048,1,864,3,ok,ok,ok,ok,360766,88.077637,176.155273,93.009000,223550,54.577637,109.155273,150.098000,1.613801,0.619654,,
latency:f16f16:f16xf16:m32n32k64:ordered:nosat,latency,f16f16,f16,f16,ordered,nosat,2,32,32,64,2048,2048,1024,32,16,2,1,16,256,1,864,3,ok,ok,ok,ok,279884,68.331055,1093.296875,119.887000,142907,34.889404,558.230469,234.799000,1.958503,0.510594,,
latency:f16f16:f16xf16:m64n64k128:ordered:nosat,latency,f16f16,f16,f16,ordered,nosat,4,64,64,128,8192,8192,4096,32,16,2,1,128,32,1,864,3,ok,ok,ok,ok,269986,65.914551,8437.062500,124.282000,132843,32.432373,4151.343750,252.587000,2.032370,0.492037,,
latency:f16f16:f16xf16:m128n128k256:ordered:nosat,latency,f16f16,f16,f16,ordered,nosat,8,128,128,256,32768,32768,16384,32,16,2,1,1024,4,1,864,3,ok,ok,ok,ok,268751,65.613037,67187.750000,124.853000,131597,32.128174,32899.250000,254.979000,2.042234,0.489661,,
latency:f16f16:f16xf16:m256n256k512:ordered:nosat,latency,f16f16,f16,f16,ordered,nosat,16,256,256,512,131072,131072,65536,32,16,2,1,8192,1,1,864,3,ok,ok,ok,ok,536943,65.544800,536943.000000,124.983000,262306,32.019775,262306.000000,255.842000,2.047014,0.488517,,
latency:f16f16:f16xf16:m512n512k1024:ordered:nosat,latency,f16f16,f16,f16,ordered,nosat,32,512,512,1024,524288,524288,262144,32,16,2,1,65536,1,1,864,3,ok,ok,ok,ok,4292935,65.504990,4292935.000000,125.059000,2097515,32.005539,2097515.000000,255.956000,2.046682,0.488597,,
latency:bf16:bf16xbf16:m16n16k32:ordered:nosat,latency,bf16,bf16,bf16,ordered,nosat,1,16,16,32,512,512,256,32,16,2,1,2,2048,1,864,3,ok,ok,ok,ok,541427,132.184326,264.368652,61.974000,275969,67.375244,134.750488,121.588000,1.961920,0.509707,,
latency:bf16:bf16xbf16:m32n32k64:ordered:nosat,latency,bf16,bf16,bf16,ordered,nosat,2,32,32,64,2048,2048,1024,32,16,2,1,16,256,1,864,3,ok,ok,ok,ok,525451,128.283936,2052.542969,63.858000,264398,64.550293,1032.804688,126.909000,1.987363,0.503183,,
latency:bf16:bf16xbf16:m64n64k128:ordered:nosat,latency,bf16,bf16,bf16,ordered,nosat,4,64,64,128,8192,8192,4096,32,16,2,1,128,32,1,864,3,ok,ok,ok,ok,525191,128.220459,16412.218750,63.890000,262863,64.175537,8214.468750,127.650000,1.997965,0.500509,,
latency:bf16:bf16xbf16:m128n128k256:ordered:nosat,latency,bf16,bf16,bf16,ordered,nosat,8,128,128,256,32768,32768,16384,32,16,2,1,1024,4,1,864,3,ok,ok,ok,ok,526094,128.440918,131523.500000,63.780000,262755,64.149170,65688.750000,127.702000,2.002226,0.499445,,
latency:bf16:bf16xbf16:m256n256k512:ordered:nosat,latency,bf16,bf16,bf16,ordered,nosat,16,256,256,512,131072,131072,65536,32,16,2,1,8192,1,1,864,3,ok,ok,ok,ok,1049908,128.162598,1049908.000000,63.919000,525125,64.102173,525125.000000,127.796000,1.999343,0.500163,,
latency:bf16:bf16xbf16:m512n512k1024:ordered:nosat,latency,bf16,bf16,bf16,ordered,nosat,32,512,512,1024,524288,524288,262144,32,16,2,1,65536,1,1,864,3,ok,ok,ok,ok,9366753,142.925308,9366753.000000,57.317000,4198723,64.067429,4198723.000000,127.865000,2.230839,0.448258,,
latency:tf32:tf32xtf32:m16n16k16:ordered:nosat,latency,tf32,tf32,tf32,ordered,nosat,1,16,16,16,256,256,256,16,8,2,1,2,2048,1,864,3,ok,ok,ok,ok,541428,132.184570,264.369141,30.987000,275804,67.334961,134.669922,60.830000,1.963081,0.509401,,
latency:tf32:tf32xtf32:m32n32k32:ordered:nosat,latency,tf32,tf32,tf32,ordered,nosat,2,32,32,32,1024,1024,1024,16,8,2,1,16,256,1,864,3,ok,ok,ok,ok,525484,128.291992,2052.671875,31.927000,264401,64.551025,1032.816406,63.454000,1.987471,0.503157,,
latency:tf32:tf32xtf32:m64n64k64:ordered:nosat,latency,tf32,tf32,tf32,ordered,nosat,4,64,64,64,4096,4096,4096,16,8,2,1,128,32,1,864,3,ok,ok,ok,ok,525196,128.221680,16412.375000,31.945000,262744,64.146484,8210.750000,63.854000,1.998873,0.500278,,
latency:tf32:tf32xtf32:m128n128k128:ordered:nosat,latency,tf32,tf32,tf32,ordered,nosat,8,128,128,128,16384,16384,16384,16,8,2,1,1024,4,1,864,3,ok,ok,ok,ok,526088,128.439453,131522.000000,31.891000,262751,64.148193,65687.750000,63.852000,2.002195,0.499443,,
latency:tf32:tf32xtf32:m256n256k256:ordered:nosat,latency,tf32,tf32,tf32,ordered,nosat,16,256,256,256,65536,65536,65536,16,8,2,1,8192,1,1,864,3,ok,ok,ok,ok,1049905,128.162231,1049905.000000,31.959000,525121,64.101685,525121.000000,63.898000,1.999374,0.500160,,
latency:tf32:tf32xtf32:m512n512k512:ordered:nosat,latency,tf32,tf32,tf32,ordered,nosat,32,512,512,512,262144,262144,262144,16,8,2,1,65536,1,1,864,3,ok,ok,ok,ok,8397105,128.129654,8397105.000000,31.968000,4198726,64.067474,4198726.000000,63.933000,1.999906,0.500021,,
latency:fp8:e4m3xe4m3:m16n16k64:ordered:nosat,latency,fp8,e4m3,e4m3,ordered,nosat,1,16,16,64,1024,1024,256,64,32,2,1,2,2048,1,864,3,ok,ok,ok,ok,541426,132.184082,264.368164,123.948000,275967,67.374756,134.749512,243.177000,1.961928,0.509704,,
latency:fp8:e4m3xe4m3:m32n32k128:ordered:nosat,latency,fp8,e4m3,e4m3,ordered,nosat,2,32,32,128,4096,4096,1024,64,32,2,1,16,256,1,864,3,ok,ok,ok,ok,527148,128.698242,2059.171875,127.306000,264709,64.626221,1034.019531,253.519000,1.991414,0.502153,,
latency:fp8:e4m3xe4m3:m64n64k256:ordered:nosat,latency,fp8,e4m3,e4m3,ordered,nosat,4,64,64,256,16384,16384,4096,64,32,2,1,128,32,1,864,3,ok,ok,ok,ok,525197,128.221924,16412.406250,127.778000,262864,64.175781,8214.500000,255.299000,1.997989,0.500506,,
latency:fp8:e4m3xe4m3:m128n128k512:ordered:nosat,latency,fp8,e4m3,e4m3,ordered,nosat,8,128,128,512,65536,65536,16384,64,32,2,1,1024,4,1,864,3,ok,ok,ok,ok,526090,128.439941,131522.500000,127.562000,262752,64.148438,65688.000000,255.408000,2.002226,0.499443,,
latency:fp8:e4m3xe4m3:m256n256k1024:ordered:nosat,latency,fp8,e4m3,e4m3,ordered,nosat,16,256,256,1024,262144,262144,65536,64,32,2,1,8192,1,1,864,3,ok,ok,ok,ok,1049906,128.162354,1049906.000000,127.838000,525125,64.102173,525125.000000,255.592000,1.999343,0.500164,,
latency:fp8:e4m3xe4m3:m512n512k2048:ordered:nosat,latency,fp8,e4m3,e4m3,ordered,nosat,32,512,512,2048,1048576,1048576,262144,64,32,2,1,65536,1,1,864,3,ok,ok,ok,ok,8405207,128.253281,8405207.000000,127.747000,4198723,64.067429,4198723.000000,255.731000,2.001855,0.499538,,
latency:fp8:e4m3xe5m2:m16n16k64:ordered:nosat,latency,fp8,e4m3,e5m2,ordered,nosat,1,16,16,64,1024,1024,256,64,32,2,1,2,2048,1,864,3,ok,ok,ok,ok,541615,132.230225,264.460449,123.905000,276016,67.386719,134.773438,243.134000,1.962261,0.509617,,
latency:fp8:e4m3xe5m2:m32n32k128:ordered:nosat,latency,fp8,e4m3,e5m2,ordered,nosat,2,32,32,128,4096,4096,1024,64,32,2,1,16,256,1,864,3,ok,ok,ok,ok,525440,128.281250,2052.500000,127.719000,264399,64.550537,1032.808594,253.817000,1.987308,0.503195,,
latency:fp8:e4m3xe5m2:m64n64k256:ordered:nosat,latency,fp8,e4m3,e5m2,ordered,nosat,4,64,64,256,16384,16384,4096,64,32,2,1,128,32,1,864,3,ok,ok,ok,ok,525248,128.234375,16414.000000,127.766000,262863,64.175537,8214.468750,255.300000,1.998184,0.500455,,
latency:fp8:e4m3xe5m2:m128n128k512:ordered:nosat,latency,fp8,e4m3,e5m2,ordered,nosat,8,128,128,512,65536,65536,16384,64,32,2,1,1024,4,1,864,3,ok,ok,ok,ok,526249,128.478760,131562.250000,127.523000,262751,64.148193,65687.750000,255.409000,2.002847,0.499290,,
latency:fp8:e4m3xe5m2:m256n256k1024:ordered:nosat,latency,fp8,e4m3,e5m2,ordered,nosat,16,256,256,1024,262144,262144,65536,64,32,2,1,8192,1,1,864,3,ok,ok,ok,ok,1049946,128.167236,1049946.000000,127.833000,525123,64.101929,525123.000000,255.593000,1.999429,0.500143,,
latency:fp8:e4m3xe5m2:m512n512k2048:ordered:nosat,latency,fp8,e4m3,e5m2,ordered,nosat,32,512,512,2048,1048576,1048576,262144,64,32,2,1,65536,1,1,864,3,ok,ok,ok,ok,10831250,165.271759,10831250.000000,99.134000,4198723,64.067429,4198723.000000,255.731000,2.579650,0.387649,,
latency:fp8:e5m2xe4m3:m16n16k64:ordered:nosat,latency,fp8,e5m2,e4m3,ordered,nosat,1,16,16,64,1024,1024,256,64,32,2,1,2,2048,1,864,3,ok,ok,ok,ok,541427,132.184326,264.368652,123.948000,275972,67.375977,134.751953,243.173000,1.961895,0.509712,,
latency:fp8:e5m2xe4m3:m32n32k128:ordered:nosat,latency,fp8,e5m2,e4m3,ordered,nosat,2,32,32,128,4096,4096,1024,64,32,2,1,16,256,1,864,3,ok,ok,ok,ok,525452,128.284180,2052.546875,127.716000,264277,64.520752,1032.332031,253.934000,1.988271,0.502952,,
latency:fp8:e5m2xe4m3:m64n64k256:ordered:nosat,latency,fp8,e5m2,e4m3,ordered,nosat,4,64,64,256,16384,16384,4096,64,32,2,1,128,32,1,864,3,ok,ok,ok,ok,525197,128.221924,16412.406250,127.778000,262685,64.132080,8208.906250,255.473000,1.999350,0.500165,,
latency:fp8:e5m2xe4m3:m128n128k512:ordered:nosat,latency,fp8,e5m2,e4m3,ordered,nosat,8,128,128,512,65536,65536,16384,64,32,2,1,1024,4,1,864,3,ok,ok,ok,ok,526223,128.472412,131555.750000,127.529000,262811,64.162842,65702.750000,255.350000,2.002290,0.499429,,
latency:fp8:e5m2xe4m3:m256n256k1024:ordered:nosat,latency,fp8,e5m2,e4m3,ordered,nosat,16,256,256,1024,262144,262144,65536,64,32,2,1,8192,1,1,864,3,ok,ok,ok,ok,1049912,128.163086,1049912.000000,127.837000,525199,64.111206,525199.000000,255.556000,1.999077,0.500231,,
latency:fp8:e5m2xe4m3:m512n512k2048:ordered:nosat,latency,fp8,e5m2,e4m3,ordered,nosat,32,512,512,2048,1048576,1048576,262144,64,32,2,1,65536,1,1,864,3,ok,ok,ok,ok,10142345,154.759903,10142345.000000,105.867000,4198726,64.067474,4198726.000000,255.730000,2.415578,0.413980,,
latency:fp8:e5m2xe5m2:m16n16k64:ordered:nosat,latency,fp8,e5m2,e5m2,ordered,nosat,1,16,16,64,1024,1024,256,64,32,2,1,2,2048,1,864,3,ok,ok,ok,ok,541464,132.193359,264.386719,123.940000,275970,67.375488,134.750977,243.174000,1.962030,0.509674,,
latency:fp8:e5m2xe5m2:m32n32k128:ordered:nosat,latency,fp8,e5m2,e5m2,ordered,nosat,2,32,32,128,4096,4096,1024,64,32,2,1,16,256,1,864,3,ok,ok,ok,ok,525455,128.284912,2052.558594,127.716000,264399,64.550537,1032.808594,253.817000,1.987355,0.503181,,
latency:fp8:e5m2xe5m2:m64n64k256:ordered:nosat,latency,fp8,e5m2,e5m2,ordered,nosat,4,64,64,256,16384,16384,4096,64,32,2,1,128,32,1,864,3,ok,ok,ok,ok,525073,128.191650,16408.531250,127.809000,262862,64.175293,8214.437500,255.301000,1.997520,0.500620,,
latency:fp8:e5m2xe5m2:m128n128k512:ordered:nosat,latency,fp8,e5m2,e5m2,ordered,nosat,8,128,128,512,65536,65536,16384,64,32,2,1,1024,4,1,864,3,ok,ok,ok,ok,526043,128.428467,131510.750000,127.573000,262750,64.147949,65687.500000,255.410000,2.002069,0.499484,,
latency:fp8:e5m2xe5m2:m256n256k1024:ordered:nosat,latency,fp8,e5m2,e5m2,ordered,nosat,16,256,256,1024,262144,262144,65536,64,32,2,1,8192,1,1,864,3,ok,ok,ok,ok,1049938,128.166260,1049938.000000,127.834000,525122,64.101807,525122.000000,255.593000,1.999413,0.500146,,
latency:fp8:e5m2xe5m2:m512n512k2048:ordered:nosat,latency,fp8,e5m2,e5m2,ordered,nosat,32,512,512,2048,1048576,1048576,262144,64,32,2,1,65536,1,1,864,3,ok,ok,ok,ok,8397111,128.129745,8397111.000000,127.870000,4198723,64.067429,4198723.000000,255.731000,1.999930,0.500020,,
latency:int8:u8xu8:m16n16k64:ordered:nosat,latency,int8,u8,u8,ordered,nosat,1,16,16,64,1024,1024,256,64,32,2,1,2,2048,1,864,3,ok,ok,ok,ok,363495,88.743896,177.487793,184.621000,225589,55.075439,110.150879,297.483000,1.611317,0.620611,,
latency:int8:u8xu8:m32n32k128:ordered:nosat,latency,int8,u8,u8,ordered,nosat,2,32,32,128,4096,4096,1024,64,32,2,1,16,256,1,864,3,ok,ok,ok,ok,289594,70.701660,1131.226562,231.734000,150216,36.673828,586.781250,446.749000,1.927853,0.518712,,
latency:int8:u8xu8:m64n64k256:ordered:nosat,latency,int8,u8,u8,ordered,nosat,4,64,64,256,16384,16384,4096,64,32,2,1,128,32,1,864,3,ok,ok,ok,ok,280037,68.368408,8751.156250,239.643000,140727,34.357178,4397.718750,476.873000,1.989931,0.502530,,
latency:int8:u8xu8:m128n128k512:ordered:nosat,latency,int8,u8,u8,ordered,nosat,8,128,128,512,65536,65536,16384,64,32,2,1,1024,4,1,864,3,ok,ok,ok,ok,279010,68.117676,69752.500000,240.525000,139974,34.173340,34993.500000,479.438000,1.993298,0.501681,,
latency:int8:u8xu8:m256n256k1024:ordered:nosat,latency,int8,u8,u8,ordered,nosat,16,256,256,1024,262144,262144,65536,64,32,2,1,8192,1,1,864,3,ok,ok,ok,ok,557454,68.048584,557454.000000,240.769000,278924,34.048340,278924.000000,481.198000,1.998588,0.500353,,
latency:int8:u8xu8:m512n512k2048:ordered:nosat,latency,int8,u8,u8,ordered,nosat,32,512,512,2048,1048576,1048576,262144,64,32,2,1,65536,1,1,864,3,ok,ok,ok,ok,4456806,68.005463,4456806.000000,240.922000,2228584,34.005493,2228584.000000,481.805000,1.999838,0.500041,,
latency:int8:u8xu8:m16n16k64:ordered:sat,latency,int8,u8,u8,ordered,satfinite,1,16,16,64,1024,1024,256,64,32,2,1,2,2048,1,864,3,ok,ok,ok,ok,363497,88.744385,177.488770,184.620000,225591,55.075928,110.151855,297.480000,1.611310,0.620613,,
latency:int8:u8xu8:m32n32k128:ordered:sat,latency,int8,u8,u8,ordered,satfinite,2,32,32,128,4096,4096,1024,64,32,2,1,16,256,1,864,3,ok,ok,ok,ok,289711,70.730225,1131.683594,231.641000,150163,36.660889,586.574219,446.907000,1.929309,0.518320,,
latency:int8:u8xu8:m64n64k256:ordered:sat,latency,int8,u8,u8,ordered,satfinite,4,64,64,256,16384,16384,4096,64,32,2,1,128,32,1,864,3,ok,ok,ok,ok,280621,68.510986,8769.406250,239.144000,140889,34.396729,4402.781250,476.324000,1.991787,0.502061,,
latency:int8:u8xu8:m128n128k512:ordered:sat,latency,int8,u8,u8,ordered,satfinite,8,128,128,512,65536,65536,16384,64,32,2,1,1024,4,1,864,3,ok,ok,ok,ok,279011,68.117920,69752.750000,240.524000,139746,34.117676,34936.500000,480.220000,1.996558,0.500862,,
latency:int8:u8xu8:m256n256k1024:ordered:sat,latency,int8,u8,u8,ordered,satfinite,16,256,256,1024,262144,262144,65536,64,32,2,1,8192,1,1,864,3,ok,ok,ok,ok,557766,68.086670,557766.000000,240.634000,278889,34.044067,278889.000000,481.259000,1.999963,0.500011,,
latency:int8:u8xu8:m512n512k2048:ordered:sat,latency,int8,u8,u8,ordered,satfinite,32,512,512,2048,1048576,1048576,262144,64,32,2,1,65536,1,1,864,3,ok,ok,ok,ok,4456807,68.005478,4456807.000000,240.922000,2228382,34.002411,2228382.000000,481.848000,2.000017,0.499995,,
latency:int8:u8xs8:m16n16k64:ordered:nosat,latency,int8,u8,s8,ordered,nosat,1,16,16,64,1024,1024,256,64,32,2,1,2,2048,1,864,3,ok,ok,ok,ok,363494,88.743652,177.487305,184.622000,225957,55.165283,110.330566,296.998000,1.608682,0.621625,,
latency:int8:u8xs8:m32n32k128:ordered:nosat,latency,int8,u8,s8,ordered,nosat,2,32,32,128,4096,4096,1024,64,32,2,1,16,256,1,864,3,ok,ok,ok,ok,289595,70.701904,1131.230469,231.734000,150157,36.659424,586.550781,446.925000,1.928612,0.518507,,
latency:int8:u8xs8:m64n64k256:ordered:nosat,latency,int8,u8,s8,ordered,nosat,4,64,64,256,16384,16384,4096,64,32,2,1,128,32,1,864,3,ok,ok,ok,ok,280168,68.400391,8755.250000,239.531000,140894,34.397949,4402.937500,476.307000,1.988498,0.502891,,
latency:int8:u8xs8:m128n128k512:ordered:nosat,latency,int8,u8,s8,ordered,nosat,8,128,128,512,65536,65536,16384,64,32,2,1,1024,4,1,864,3,ok,ok,ok,ok,279011,68.117920,69752.750000,240.524000,139744,34.117188,34936.000000,480.227000,1.996587,0.500855,,
latency:int8:u8xs8:m256n256k1024:ordered:nosat,latency,int8,u8,s8,ordered,nosat,16,256,256,1024,262144,262144,65536,64,32,2,1,8192,1,1,864,3,ok,ok,ok,ok,557433,68.046021,557433.000000,240.778000,278886,34.043701,278886.000000,481.264000,1.998787,0.500304,,
latency:int8:u8xs8:m512n512k2048:ordered:nosat,latency,int8,u8,s8,ordered,nosat,32,512,512,2048,1048576,1048576,262144,64,32,2,1,65536,1,1,864,3,ok,ok,ok,ok,4456809,68.005508,4456809.000000,240.922000,2228580,34.005432,2228580.000000,481.805000,1.999838,0.500039,,
latency:int8:u8xs8:m16n16k64:ordered:sat,latency,int8,u8,s8,ordered,satfinite,1,16,16,64,1024,1024,256,64,32,2,1,2,2048,1,864,3,ok,ok,ok,ok,363494,88.743652,177.487305,184.622000,225589,55.075439,110.150879,297.483000,1.611309,0.620613,,
latency:int8:u8xs8:m32n32k128:ordered:sat,latency,int8,u8,s8,ordered,satfinite,2,32,32,128,4096,4096,1024,64,32,2,1,16,256,1,864,3,ok,ok,ok,ok,289597,70.702393,1131.238281,231.732000,150194,36.668457,586.695312,446.815000,1.928154,0.518631,,
latency:int8:u8xs8:m64n64k256:ordered:sat,latency,int8,u8,s8,ordered,satfinite,4,64,64,256,16384,16384,4096,64,32,2,1,128,32,1,864,3,ok,ok,ok,ok,280167,68.400146,8755.218750,239.532000,140911,34.402100,4403.468750,476.250000,1.988252,0.502954,,
latency:int8:u8xs8:m128n128k512:ordered:sat,latency,int8,u8,s8,ordered,satfinite,8,128,128,512,65536,65536,16384,64,32,2,1,1024,4,1,864,3,ok,ok,ok,ok,279084,68.135742,69771.000000,240.461000,139781,34.126221,34945.250000,480.100000,1.996582,0.500856,,
latency:int8:u8xs8:m256n256k1024:ordered:sat,latency,int8,u8,s8,ordered,satfinite,16,256,256,1024,262144,262144,65536,64,32,2,1,8192,1,1,864,3,ok,ok,ok,ok,557417,68.044067,557417.000000,240.785000,278961,34.052856,278961.000000,481.134000,1.998189,0.500453,,
latency:int8:u8xs8:m512n512k2048:ordered:sat,latency,int8,u8,s8,ordered,satfinite,32,512,512,2048,1048576,1048576,262144,64,32,2,1,65536,1,1,864,3,ok,ok,ok,ok,4456808,68.005493,4456808.000000,240.922000,2228584,34.005493,2228584.000000,481.805000,1.999838,0.500040,,
latency:int8:s8xu8:m16n16k64:ordered:nosat,latency,int8,s8,u8,ordered,nosat,1,16,16,64,1024,1024,256,64,32,2,1,2,2048,1,864,3,ok,ok,ok,ok,363500,88.745117,177.490234,184.619000,225592,55.076172,110.152344,297.479000,1.611313,0.620611,,
latency:int8:s8xu8:m32n32k128:ordered:nosat,latency,int8,s8,u8,ordered,nosat,2,32,32,128,4096,4096,1024,64,32,2,1,16,256,1,864,3,ok,ok,ok,ok,289594,70.701660,1131.226562,231.734000,150159,36.659912,586.558594,446.919000,1.928586,0.518516,,
latency:int8:s8xu8:m64n64k256:ordered:nosat,latency,int8,s8,u8,ordered,nosat,4,64,64,256,16384,16384,4096,64,32,2,1,128,32,1,864,3,ok,ok,ok,ok,280165,68.399658,8755.156250,239.533000,140896,34.398438,4403.000000,476.301000,1.988457,0.502904,,
latency:int8:s8xu8:m128n128k512:ordered:nosat,latency,int8,s8,u8,ordered,nosat,8,128,128,512,65536,65536,16384,64,32,2,1,1024,4,1,864,3,ok,ok,ok,ok,278892,68.088867,69723.000000,240.627000,139788,34.127930,34947.000000,480.076000,1.995104,0.501226,,
latency:int8:s8xu8:m256n256k1024:ordered:nosat,latency,int8,s8,u8,ordered,nosat,16,256,256,1024,262144,262144,65536,64,32,2,1,8192,1,1,864,3,ok,ok,ok,ok,557418,68.044189,557418.000000,240.785000,278887,34.043823,278887.000000,481.262000,1.998721,0.500319,,
latency:int8:s8xu8:m512n512k2048:ordered:nosat,latency,int8,s8,u8,ordered,nosat,32,512,512,2048,1048576,1048576,262144,64,32,2,1,65536,1,1,864,3,ok,ok,ok,ok,4456809,68.005508,4456809.000000,240.922000,2228587,34.005539,2228587.000000,481.804000,1.999834,0.500041,,
latency:int8:s8xu8:m16n16k64:ordered:sat,latency,int8,s8,u8,ordered,satfinite,1,16,16,64,1024,1024,256,64,32,2,1,2,2048,1,864,3,ok,ok,ok,ok,363496,88.744141,177.488281,184.621000,225590,55.075684,110.151367,297.482000,1.611312,0.620612,,
latency:int8:s8xu8:m32n32k128:ordered:sat,latency,int8,s8,u8,ordered,satfinite,2,32,32,128,4096,4096,1024,64,32,2,1,16,256,1,864,3,ok,ok,ok,ok,289594,70.701660,1131.226562,231.734000,150158,36.659668,586.554688,446.922000,1.928599,0.518512,,
latency:int8:s8xu8:m64n64k256:ordered:sat,latency,int8,s8,u8,ordered,satfinite,4,64,64,256,16384,16384,4096,64,32,2,1,128,32,1,864,3,ok,ok,ok,ok,280164,68.399414,8755.125000,239.534000,140895,34.398193,4402.968750,476.304000,1.988461,0.502902,,
latency:int8:s8xu8:m128n128k512:ordered:sat,latency,int8,s8,u8,ordered,satfinite,8,128,128,512,65536,65536,16384,64,32,2,1,1024,4,1,864,3,ok,ok,ok,ok,279660,68.276367,69915.000000,239.966000,139751,34.118896,34937.750000,480.203000,2.001129,0.499718,,
latency:int8:s8xu8:m256n256k1024:ordered:sat,latency,int8,s8,u8,ordered,satfinite,16,256,256,1024,262144,262144,65536,64,32,2,1,8192,1,1,864,3,ok,ok,ok,ok,557237,68.022095,557237.000000,240.863000,278843,34.038452,278843.000000,481.338000,1.998389,0.500403,,
latency:int8:s8xu8:m512n512k2048:ordered:sat,latency,int8,s8,u8,ordered,satfinite,32,512,512,2048,1048576,1048576,262144,64,32,2,1,65536,1,1,864,3,ok,ok,ok,ok,4456808,68.005493,4456808.000000,240.922000,2228581,34.005447,2228581.000000,481.805000,1.999838,0.500040,,
latency:int8:s8xs8:m16n16k64:ordered:nosat,latency,int8,s8,s8,ordered,nosat,1,16,16,64,1024,1024,256,64,32,2,1,2,2048,1,864,3,ok,ok,ok,ok,363492,88.743164,177.486328,184.623000,225682,55.098145,110.196289,297.360000,1.610634,0.620872,,
latency:int8:s8xs8:m32n32k128:ordered:nosat,latency,int8,s8,s8,ordered,nosat,2,32,32,128,4096,4096,1024,64,32,2,1,16,256,1,864,3,ok,ok,ok,ok,289598,70.702637,1131.242188,231.731000,150158,36.659668,586.554688,446.922000,1.928624,0.518505,,
latency:int8:s8xs8:m64n64k256:ordered:nosat,latency,int8,s8,s8,ordered,nosat,4,64,64,256,16384,16384,4096,64,32,2,1,128,32,1,864,3,ok,ok,ok,ok,280198,68.407715,8756.187500,239.505000,140891,34.397217,4402.843750,476.318000,1.988760,0.502827,,
latency:int8:s8xs8:m128n128k512:ordered:nosat,latency,int8,s8,s8,ordered,nosat,8,128,128,512,65536,65536,16384,64,32,2,1,1024,4,1,864,3,ok,ok,ok,ok,279026,68.121582,69756.500000,240.511000,139948,34.166992,34987.000000,479.527000,1.993784,0.501559,,
latency:int8:s8xs8:m256n256k1024:ordered:nosat,latency,int8,s8,s8,ordered,nosat,16,256,256,1024,262144,262144,65536,64,32,2,1,8192,1,1,864,3,ok,ok,ok,ok,557421,68.044556,557421.000000,240.783000,278686,34.019287,278686.000000,481.609000,2.000179,0.499956,,
latency:int8:s8xs8:m512n512k2048:ordered:nosat,latency,int8,s8,s8,ordered,nosat,32,512,512,2048,1048576,1048576,262144,64,32,2,1,65536,1,1,864,3,ok,ok,ok,ok,4456807,68.005478,4456807.000000,240.922000,2228587,34.005539,2228587.000000,481.804000,1.999834,0.500041,,
latency:int8:s8xs8:m16n16k64:ordered:sat,latency,int8,s8,s8,ordered,satfinite,1,16,16,64,1024,1024,256,64,32,2,1,2,2048,1,864,3,ok,ok,ok,ok,363495,88.743896,177.487793,184.621000,225591,55.075928,110.151855,297.480000,1.611301,0.620617,,
latency:int8:s8xs8:m32n32k128:ordered:sat,latency,int8,s8,s8,ordered,satfinite,2,32,32,128,4096,4096,1024,64,32,2,1,16,256,1,864,3,ok,ok,ok,ok,289633,70.711182,1131.378906,231.703000,150158,36.659668,586.554688,446.922000,1.928857,0.518442,,
latency:int8:s8xs8:m64n64k256:ordered:sat,latency,int8,s8,s8,ordered,satfinite,4,64,64,256,16384,16384,4096,64,32,2,1,128,32,1,864,3,ok,ok,ok,ok,280166,68.399902,8755.187500,239.533000,140934,34.407715,4404.187500,476.172000,1.987918,0.503037,,
latency:int8:s8xs8:m128n128k512:ordered:sat,latency,int8,s8,s8,ordered,satfinite,8,128,128,512,65536,65536,16384,64,32,2,1,1024,4,1,864,3,ok,ok,ok,ok,279006,68.116699,69751.500000,240.528000,139749,34.118408,34937.250000,480.210000,1.996483,0.500882,,
latency:int8:s8xs8:m256n256k1024:ordered:sat,latency,int8,s8,s8,ordered,satfinite,16,256,256,1024,262144,262144,65536,64,32,2,1,8192,1,1,864,3,ok,ok,ok,ok,557414,68.043701,557414.000000,240.786000,278888,34.043945,278888.000000,481.260000,1.998704,0.500325,,
latency:int8:s8xs8:m512n512k2048:ordered:sat,latency,int8,s8,s8,ordered,satfinite,32,512,512,2048,1048576,1048576,262144,64,32,2,1,65536,1,1,864,3,ok,ok,ok,ok,4456812,68.005554,4456812.000000,240.921000,2228620,34.006042,2228620.000000,481.797000,1.999813,0.500048,,
latency:int4:u4xu4:m16n16k128:ordered:nosat,latency,int4,u4,u4,ordered,nosat,1,16,16,128,2048,2048,256,128,64,2,1,2,2048,1,864,3,ok,ok,ok,ok,1450314,354.080566,708.161133,92.544000,3632664,886.880859,1773.761719,36.947000,0.399237,2.504743,,
latency:int4:u4xu4:m32n32k256:ordered:nosat,latency,int4,u4,u4,ordered,nosat,2,32,32,256,8192,8192,1024,128,64,2,1,16,256,1,864,3,ok,ok,ok,ok,1371518,334.843262,5357.492188,97.861000,3570135,871.614990,13945.839844,37.595000,0.384167,2.603054,,
latency:int4:u4xu4:m64n64k512:ordered:nosat,latency,int4,u4,u4,ordered,nosat,4,64,64,512,32768,32768,4096,128,64,2,1,128,32,1,864,3,ok,ok,ok,ok,1361991,332.517334,42562.218750,98.545000,3563439,869.980225,111357.468750,37.665000,0.382211,2.616345,,
latency:int4:u4xu4:m128n128k1024:ordered:nosat,latency,int4,u4,u4,ordered,nosat,8,128,128,1024,131072,131072,16384,128,64,2,1,1024,4,1,864,3,ok,ok,ok,ok,1364509,333.132080,341127.250000,98.363000,3590328,876.544922,897582.000000,37.383000,0.380051,2.631223,,
latency:int4:u4xu4:m256n256k2048:ordered:nosat,latency,int4,u4,u4,ordered,nosat,16,256,256,2048,524288,524288,65536,128,64,2,1,8192,1,1,864,3,ok,ok,ok,ok,2752875,336.044312,2752875.000000,97.511000,7463353,911.053833,7463353.000000,35.967000,0.368851,2.711112,,
latency:int4:u4xu4:m512n512k4096:ordered:nosat,latency,int4,u4,u4,ordered,nosat,32,512,512,4096,2097152,2097152,262144,128,64,2,1,65536,1,1,864,3,ok,ok,ok,ok,22020460,336.005554,22020460.000000,97.522000,57437635,876.428757,57437635.000000,37.388000,0.383380,2.608376,,
latency:int4:u4xu4:m16n16k128:ordered:sat,latency,int4,u4,u4,ordered,satfinite,1,16,16,128,2048,2048,256,128,64,2,1,2,2048,1,864,3,ok,ok,ok,ok,1303476,318.231445,636.462891,102.969000,3635886,887.667480,1775.334961,36.915000,0.358506,2.789377,,
latency:int4:u4xu4:m32n32k256:ordered:sat,latency,int4,u4,u4,ordered,satfinite,2,32,32,256,8192,8192,1024,128,64,2,1,16,256,1,864,3,ok,ok,ok,ok,1227082,299.580566,4793.289062,109.380000,3559716,869.071289,13905.140625,37.705000,0.344716,2.900960,,
latency:int4:u4xu4:m64n64k512:ordered:sat,latency,int4,u4,u4,ordered,satfinite,4,64,64,512,32768,32768,4096,128,64,2,1,128,32,1,864,3,ok,ok,ok,ok,1242206,303.272949,38818.937500,108.048000,3550409,866.799072,110950.281250,37.803000,0.349872,2.858148,,
latency:int4:u4xu4:m128n128k1024:ordered:sat,latency,int4,u4,u4,ordered,satfinite,8,128,128,1024,131072,131072,16384,128,64,2,1,1024,4,1,864,3,ok,ok,ok,ok,1390412,339.456055,347603.000000,96.531000,3554456,867.787109,888614.000000,37.760000,0.391170,2.556405,,
latency:int4:u4xu4:m256n256k2048:ordered:sat,latency,int4,u4,u4,ordered,satfinite,16,256,256,2048,524288,524288,65536,128,64,2,1,8192,1,1,864,3,ok,ok,ok,ok,2780185,339.378052,2780185.000000,96.553000,7119660,869.099121,7119660.000000,37.703000,0.390490,2.560858,,
latency:int4:u4xu4:m512n512k4096:ordered:sat,latency,int4,u4,u4,ordered,satfinite,32,512,512,4096,2097152,2097152,262144,128,64,2,1,65536,1,1,864,3,ok,ok,ok,ok,22145452,337.912781,22145452.000000,96.972000,57349058,875.077179,57349058.000000,37.446000,0.386153,2.589654,,
latency:int4:u4xs4:m16n16k128:ordered:nosat,latency,int4,u4,s4,ordered,nosat,1,16,16,128,2048,2048,256,128,64,2,1,2,2048,1,864,3,ok,ok,ok,ok,2215455,540.882568,1081.765137,60.582000,4821784,1177.193359,2354.386719,27.836000,0.459476,2.176431,,
latency:int4:u4xs4:m32n32k256:ordered:nosat,latency,int4,u4,s4,ordered,nosat,2,32,32,256,8192,8192,1024,128,64,2,1,16,256,1,864,3,ok,ok,ok,ok,2166881,529.023682,8464.378906,61.941000,4905888,1197.726562,19163.625000,27.358000,0.441678,2.264032,,
latency:int4:u4xs4:m64n64k512:ordered:nosat,latency,int4,u4,s4,ordered,nosat,4,64,64,512,32768,32768,4096,128,64,2,1,128,32,1,864,3,ok,ok,ok,ok,2676818,653.520020,83650.562500,50.141000,4900519,1196.415771,153141.218750,27.388000,0.546220,1.830726,,
latency:int4:u4xs4:m128n128k1024:ordered:nosat,latency,int4,u4,s4,ordered,nosat,8,128,128,1024,131072,131072,16384,128,64,2,1,1024,4,1,864,3,ok,ok,ok,ok,2159489,527.218994,539872.250000,62.153000,4878876,1191.131836,1219719.000000,27.510000,0.442617,2.259273,,
latency:int4:u4xs4:m256n256k2048:ordered:nosat,latency,int4,u4,s4,ordered,nosat,16,256,256,2048,524288,524288,65536,128,64,2,1,8192,1,1,864,3,ok,ok,ok,ok,4318002,527.099854,4318002.000000,62.167000,9922455,1211.237183,9922455.000000,27.053000,0.435167,2.297927,,
latency:int4:u4xs4:m512n512k4096:ordered:nosat,latency,int4,u4,s4,ordered,nosat,32,512,512,4096,2097152,2097152,262144,128,64,2,1,65536,1,1,864,3,ok,ok,ok,ok,35638701,543.803421,35638701.000000,60.257000,82110299,1252.903732,82110299.000000,26.154000,0.434041,2.303964,,
latency:int4:u4xs4:m16n16k128:ordered:sat,latency,int4,u4,s4,ordered,satfinite,1,16,16,128,2048,2048,256,128,64,2,1,2,2048,1,864,3,ok,ok,ok,ok,2222737,542.660400,1085.320801,60.384000,4969066,1213.150879,2426.301758,27.011000,0.447320,2.235562,,
latency:int4:u4xs4:m32n32k256:ordered:sat,latency,int4,u4,s4,ordered,satfinite,2,32,32,256,8192,8192,1024,128,64,2,1,16,256,1,864,3,ok,ok,ok,ok,2159967,527.335693,8437.371094,62.139000,4935469,1204.948486,19279.175781,27.195000,0.437648,2.284974,,
latency:int4:u4xs4:m64n64k512:ordered:sat,latency,int4,u4,s4,ordered,satfinite,4,64,64,512,32768,32768,4096,128,64,2,1,128,32,1,864,3,ok,ok,ok,ok,2152146,525.426270,67254.562500,62.365000,4932087,1204.122803,154127.718750,27.213000,0.436351,2.291707,,
latency:int4:u4xs4:m128n128k1024:ordered:sat,latency,int4,u4,s4,ordered,satfinite,8,128,128,1024,131072,131072,16384,128,64,2,1,1024,4,1,864,3,ok,ok,ok,ok,2151194,525.193848,537798.500000,62.392000,4933334,1204.427246,1233333.500000,27.206000,0.436049,2.293300,,
latency:int4:u4xs4:m256n256k2048:ordered:sat,latency,int4,u4,s4,ordered,satfinite,16,256,256,2048,524288,524288,65536,128,64,2,1,8192,1,1,864,3,ok,ok,ok,ok,4301445,525.078735,4301445.000000,62.406000,9872702,1205.163818,9872702.000000,27.190000,0.435695,2.295206,,
latency:int4:u4xs4:m512n512k4096:ordered:sat,latency,int4,u4,s4,ordered,satfinite,32,512,512,4096,2097152,2097152,262144,128,64,2,1,65536,1,1,864,3,ok,ok,ok,ok,34407088,525.010498,34407088.000000,62.414000,79596194,1214.541534,79596194.000000,26.980000,0.432275,2.313366,,
latency:int4:s4xu4:m16n16k128:ordered:nosat,latency,int4,s4,u4,ordered,nosat,1,16,16,128,2048,2048,256,128,64,2,1,2,2048,1,864,3,ok,ok,ok,ok,3480174,849.651855,1699.303711,38.566000,5114310,1248.610840,2497.221680,26.244000,0.680496,1.469556,,
latency:int4:s4xu4:m32n32k256:ordered:nosat,latency,int4,s4,u4,ordered,nosat,2,32,32,256,8192,8192,1024,128,64,2,1,16,256,1,864,3,ok,ok,ok,ok,3542951,864.978271,13839.652344,37.883000,5032489,1228.635010,19658.160156,26.670000,0.704010,1.420423,,
latency:int4:s4xu4:m64n64k512:ordered:nosat,latency,int4,s4,u4,ordered,nosat,4,64,64,512,32768,32768,4096,128,64,2,1,128,32,1,864,3,ok,ok,ok,ok,3579171,873.821045,111849.093750,37.500000,5051572,1233.293945,157861.625000,26.569000,0.708507,1.411380,,
latency:int4:s4xu4:m128n128k1024:ordered:nosat,latency,int4,s4,u4,ordered,nosat,8,128,128,1024,131072,131072,16384,128,64,2,1,1024,4,1,864,3,ok,ok,ok,ok,3864117,943.387939,966029.250000,34.734000,5050874,1233.123535,1262718.500000,26.573000,0.765043,1.307122,,
latency:int4:s4xu4:m256n256k2048:ordered:nosat,latency,int4,s4,u4,ordered,nosat,16,256,256,2048,524288,524288,65536,128,64,2,1,8192,1,1,864,3,ok,ok,ok,ok,7720409,942.432739,7720409.000000,34.770000,10047762,1226.533447,10047762.000000,26.716000,0.768364,1.301455,,
latency:int4:s4xu4:m512n512k4096:ordered:nosat,latency,int4,s4,u4,ordered,nosat,32,512,512,4096,2097152,2097152,262144,128,64,2,1,65536,1,1,864,3,ok,ok,ok,ok,58486639,892.435287,58486639.000000,36.718000,82350399,1256.567368,82350399.000000,26.077000,0.710197,1.408021,,
latency:int4:s4xu4:m16n16k128:ordered:sat,latency,int4,s4,u4,ordered,satfinite,1,16,16,128,2048,2048,256,128,64,2,1,2,2048,1,864,3,ok,ok,ok,ok,3616736,882.992188,1765.984375,37.110000,5140822,1255.083496,2510.166992,26.108000,0.703530,1.421398,,
latency:int4:s4xu4:m32n32k256:ordered:sat,latency,int4,s4,u4,ordered,satfinite,2,32,32,256,8192,8192,1024,128,64,2,1,16,256,1,864,3,ok,ok,ok,ok,3935114,960.721191,15371.539062,34.108000,5065869,1236.784424,19788.550781,26.495000,0.776797,1.287350,,
latency:int4:s4xu4:m64n64k512:ordered:sat,latency,int4,s4,u4,ordered,satfinite,4,64,64,512,32768,32768,4096,128,64,2,1,128,32,1,864,3,ok,ok,ok,ok,3925704,958.423828,122678.250000,34.189000,5057635,1234.774170,158051.093750,26.538000,0.776215,1.288338,,
latency:int4:s4xu4:m128n128k1024:ordered:sat,latency,int4,s4,u4,ordered,satfinite,8,128,128,1024,131072,131072,16384,128,64,2,1,1024,4,1,864,3,ok,ok,ok,ok,3924562,958.145020,981140.500000,34.199000,5042431,1231.062256,1260607.750000,26.618000,0.778327,1.284839,,
latency:int4:s4xu4:m256n256k2048:ordered:sat,latency,int4,s4,u4,ordered,satfinite,16,256,256,2048,524288,524288,65536,128,64,2,1,8192,1,1,864,3,ok,ok,ok,ok,7848906,958.118408,7848906.000000,34.200000,10109210,1234.034424,10109210.000000,26.554000,0.776433,1.287977,,
latency:int4:s4xu4:m512n512k4096:ordered:sat,latency,int4,s4,u4,ordered,satfinite,32,512,512,4096,2097152,2097152,262144,128,64,2,1,65536,1,1,864,3,ok,ok,ok,ok,59613899,909.635910,59613899.000000,36.023000,84702785,1292.461929,84702785.000000,25.353000,0.703800,1.420856,,
latency:int4:s4xs4:m16n16k128:ordered:nosat,latency,int4,s4,s4,ordered,nosat,1,16,16,128,2048,2048,256,128,64,2,1,2,2048,1,864,3,ok,ok,ok,ok,5309137,1296.176025,2592.352051,25.281000,6568899,1603.735107,3207.470215,20.432000,0.808196,1.237282,,
latency:int4:s4xs4:m32n32k256:ordered:nosat,latency,int4,s4,s4,ordered,nosat,2,32,32,256,8192,8192,1024,128,64,2,1,16,256,1,864,3,ok,ok,ok,ok,5276507,1288.209717,20611.355469,25.437000,6512763,1590.030029,25440.480469,20.608000,0.810158,1.234294,,
latency:int4:s4xs4:m64n64k512:ordered:nosat,latency,int4,s4,s4,ordered,nosat,4,64,64,512,32768,32768,4096,128,64,2,1,128,32,1,864,3,ok,ok,ok,ok,5272262,1287.173340,164758.187500,25.457000,7272416,1775.492188,227263.000000,18.456000,0.724987,1.379373,,
latency:int4:s4xs4:m128n128k1024:ordered:nosat,latency,int4,s4,s4,ordered,nosat,8,128,128,1024,131072,131072,16384,128,64,2,1,1024,4,1,864,3,ok,ok,ok,ok,5271213,1286.917236,1317803.250000,25.462000,6509449,1589.220947,1627362.250000,20.619000,0.809795,1.234905,,
latency:int4:s4xs4:m256n256k2048:ordered:nosat,latency,int4,s4,s4,ordered,nosat,16,256,256,2048,524288,524288,65536,128,64,2,1,8192,1,1,864,3,ok,ok,ok,ok,11286177,1377.707153,11286177.000000,23.784000,13017270,1589.022217,13017270.000000,20.621000,0.867011,1.153382,,
latency:int4:s4xs4:m512n512k4096:ordered:nosat,latency,int4,s4,s4,ordered,nosat,32,512,512,4096,2097152,2097152,262144,128,64,2,1,65536,1,1,864,3,ok,ok,ok,ok,89638780,1367.779236,89638780.000000,23.957000,108747845,1659.360428,108747845.000000,19.747000,0.824268,1.213179,,
latency:int4:s4xs4:m16n16k128:ordered:sat,latency,int4,s4,s4,ordered,satfinite,1,16,16,128,2048,2048,256,128,64,2,1,2,2048,1,864,3,ok,ok,ok,ok,5440125,1328.155518,2656.311035,24.672000,6584781,1607.612549,3215.225098,20.383000,0.826159,1.210410,,
latency:int4:s4xs4:m32n32k256:ordered:sat,latency,int4,s4,s4,ordered,satfinite,2,32,32,256,8192,8192,1024,128,64,2,1,16,256,1,864,3,ok,ok,ok,ok,5365181,1309.858643,20957.738281,25.016000,6536494,1595.823730,25533.179688,20.534000,0.820835,1.218318,,
latency:int4:s4xs4:m64n64k512:ordered:sat,latency,int4,s4,s4,ordered,satfinite,4,64,64,512,32768,32768,4096,128,64,2,1,128,32,1,864,3,ok,ok,ok,ok,5355963,1307.608154,167373.843750,25.059000,6542511,1597.292725,204453.468750,20.515000,0.818668,1.221538,,
latency:int4:s4xs4:m128n128k1024:ordered:sat,latency,int4,s4,s4,ordered,satfinite,8,128,128,1024,131072,131072,16384,128,64,2,1,1024,4,1,864,3,ok,ok,ok,ok,5354918,1307.353027,1338729.500000,25.064000,6573300,1604.809570,1643325.000000,20.419000,0.814674,1.227526,,
latency:int4:s4xs4:m256n256k2048:ordered:sat,latency,int4,s4,s4,ordered,satfinite,16,256,256,2048,524288,524288,65536,128,64,2,1,8192,1,1,864,3,ok,ok,ok,ok,10707943,1307.121948,10707943.000000,25.069000,13212655,1612.872925,13212655.000000,20.317000,0.810443,1.233912,,
latency:int4:s4xs4:m512n512k4096:ordered:sat,latency,int4,s4,s4,ordered,satfinite,32,512,512,4096,2097152,2097152,262144,128,64,2,1,65536,1,1,864,3,ok,ok,ok,ok,90546438,1381.628998,90546438.000000,23.717000,109628762,1672.802155,109628762.000000,19.589000,0.825948,1.210746,,
