mode,mode_name,cluster_size,sharing_group,smem_width,smem_height,tile_bytes,total_smem_bytes,gpu_time_ns,sm_cycles,tma_instructions,smsp_tma_instructions,tma_xbar_active_cycles,tma_mcast_requests,tma_mcast_req_32B,tma_mcast_req_64B,tma_mcast_req_96B,tma_mcast_req_128B,tma_mcast_req_replayed,tma_ld_bytes,tma_ld_bytes_self,tma_ld_bytes_mcast,tma_ld_sectors,tma_ld_sectors_self,tma_ld_sectors_mcast,tma_pipe_bytes,tma_pipe_sectors,lts_sectors_total,lts_sectors_read,lts_sectors_tex,lts_sectors_tex_read,lts_requests_tex,lts_tex_hit,lts_tex_miss,lts_hit,lts_miss,lts_hit_rate_pct,dram_bytes_read,dram_bytes_total,dram_sectors_read,dram_throughput_pct_peak,gcc_xbar2gcc_sectors,stall_barrier,stall_long_scoreboard,stall_mio_throttle,lrc_ilc_input_sectors
0,implicit_l2_intra,1,1,32,8,1024,4128,3325920,6523535.95,2096864,2096864,8387456,0,0,0,0,0,0,2147188736,2147188736,0,67099648,67099648,0,2147188736,67099648,107056739,100702180,67099648,67099648,16774912,0,67099648,7223,107050587,n/a,2148961024,2152871680,67155032,7.91,1088,352142.97,2940412.14,0,5883
1,explicit_mcast,1,1,32,8,1024,4128,3351520,6582950.03,2096864,2096864,8387456,0,0,0,0,0,0,2147188736,2147188736,0,67099648,67099648,0,2147188736,67099648,107004799,100646223,67099648,67099648,16774912,0,67099648,3330,106990637,n/a,2147193856,2150662144,67099808,7.84,1088,352094.51,2947643.57,0,4158
0,implicit_l2_intra,1,1,64,4,1024,4128,3324064,6523659.54,2096864,2096864,8387456,0,0,0,0,0,0,2147188736,2147188736,0,67099648,67099648,0,2147188736,67099648,107016584,100649394,67099648,67099648,16774912,0,67099648,7156,107051638,n/a,2147293952,2150984192,67102936,7.91,1024,352158.25,2940392.36,0,8972
1,explicit_mcast,1,1,64,4,1024,4128,3349504,6587753.57,2096864,2096864,8387456,0,0,0,0,0,0,2147188736,2147188736,0,67099648,67099648,0,2147188736,67099648,107074594,100711054,67099648,67099648,16774912,0,67099648,5302,107020694,n/a,2149107712,2152314368,67159616,7.85,1088,351448.17,2947239.78,0,9311
0,implicit_l2_intra,1,1,128,4,2048,8224,1741216,3410641.59,1048432,1048432,8387456,0,0,0,0,0,0,2147188736,2147188736,0,67099648,67099648,0,2147188736,67099648,107038521,100682783,67099648,67099648,16774912,0,67099648,5558,107005460,n/a,2148173568,2152046080,67130424,15.10,1024,190949.59,1559249.78,0,4712
1,explicit_mcast,1,1,128,4,2048,8224,1746368,3422001.68,1048432,1048432,8387456,0,0,0,0,0,0,2147188736,2147188736,0,67099648,67099648,0,2147188736,67099648,107009305,100652973,67099648,67099648,16774912,0,67099648,8819,107034670,n/a,2147230720,2151065344,67100960,15.05,1088,190200.99,1560438.85,0,4213
0,implicit_l2_intra,1,1,32,16,2048,8224,1740096,3419360.14,1048432,1048432,8387456,0,0,0,0,0,0,2147188736,2147188736,0,67099648,67099648,0,2147188736,67099648,107049874,100685306,67099648,67099648,16774912,0,67099648,5508,107036919,n/a,2148198656,2151604736,67131208,15.11,1024,190493.23,1559695.33,0,7239
1,explicit_mcast,1,1,32,16,2048,8224,1746304,3422455,1048432,1048432,8387456,0,0,0,0,0,0,2147188736,2147188736,0,67099648,67099648,0,2147188736,67099648,107037905,100683053,67099648,67099648,16774912,0,67099648,8217,107028455,n/a,2148146432,2151582976,67129576,15.06,1088,189741.84,1560317.70,0,4789
0,implicit_l2_intra,1,1,64,8,2048,8224,1741536,3415015.62,1048432,1048432,8387456,0,0,0,0,0,0,2147188736,2147188736,0,67099648,67099648,0,2147188736,67099648,107053763,100694181,67099648,67099648,16774912,0,67099648,6808,107021984,n/a,2148439552,2151990528,67138736,15.10,1088,190680.18,1558724.26,0,6982
1,explicit_mcast,1,1,64,8,2048,8224,1745728,3424132.15,1048432,1048432,8387456,0,0,0,0,0,0,2147188736,2147188736,0,67099648,67099648,0,2147188736,67099648,107011497,100653963,67099648,67099648,16774912,0,67099648,13987,107004257,n/a,2147268352,2151224320,67102136,15.06,1088,189582.79,1561032.42,0,4490
0,implicit_l2_intra,1,1,32,32,4096,16416,927584,1816936.92,523920,523920,8382720,0,0,0,0,0,0,2145976320,2145976320,0,67061760,67061760,0,2145976320,67061760,106821612,100597445,67061760,67061760,16765440,0,67061760,5139,106841520,n/a,2146077696,2149244672,67064928,28.31,1088,89809.40,863625.66,0,4384
1,explicit_mcast,1,1,32,32,4096,16416,934080,1833362.69,523920,523920,8382720,0,0,0,0,0,0,2145976320,2145976320,0,67061760,67061760,0,2145976320,67061760,106825449,100598782,67061760,67061760,16765440,0,67061760,4157,106818900,n/a,2146117888,2150064640,67066184,28.13,1088,89648.12,865729.37,0,6766
0,implicit_l2_intra,1,1,64,16,4096,16416,925952,1816420.38,523920,523920,8382720,0,0,0,0,0,0,2145976320,2145976320,0,67061760,67061760,0,2145976320,67061760,106821492,100597181,67061760,67061760,16765440,0,67061760,3339,106839366,n/a,2146075136,2149918976,67064848,28.37,1024,89890.96,863523.68,0,4258
1,explicit_mcast,1,1,64,16,4096,16416,932928,1835576.92,523920,523920,8382720,0,0,0,0,0,0,2145976320,2145976320,0,67061760,67061760,0,2145976320,67061760,106830557,100603343,67061760,67061760,16765440,0,67061760,2971,106837149,n/a,2146236416,2149636608,67069888,28.16,1088,90002.83,865442.42,0,7629
0,implicit_l2_intra,1,1,128,8,4096,16416,927936,1815569.39,523920,523920,8382720,0,0,0,0,0,0,2145976320,2145976320,0,67061760,67061760,0,2145976320,67061760,106818179,100600564,67061760,67061760,16765440,0,67061760,6596,106835007,n/a,2146159616,2150094848,67067488,28.31,1088,89804.57,863560.83,0,2966
1,explicit_mcast,1,1,128,8,4096,16416,935040,1832388.31,523920,523920,8382720,0,0,0,0,0,0,2145976320,2145976320,0,67061760,67061760,0,2145976320,67061760,106843330,100615038,67061760,67061760,16765440,0,67061760,5666,106847545,n/a,2146590720,2150162944,67080960,28.10,1088,89819.46,865017.86,0,9940
0,implicit_l2_intra,1,1,32,48,6144,24608,689600,1349446.73,349280,349280,8382720,0,0,0,0,0,0,2145976320,2145976320,0,67061760,67061760,0,2145976320,67061760,106833722,100608463,67061760,67061760,16765440,0,67061760,6539,106872666,n/a,2146409472,2149778176,67075296,38.10,1088,56565.09,683419.74,0,5961
1,explicit_mcast,1,1,32,48,6144,24608,696960,1370627.53,349280,349280,8382720,0,0,0,0,0,0,2145976320,2145976320,0,67061760,67061760,0,2145976320,67061760,106825035,100601671,67061760,67061760,16765440,0,67061760,3126,106846634,n/a,2146217472,2150118656,67069296,37.70,1088,56693.06,683669.54,0,4655
0,implicit_l2_intra,1,1,64,24,6144,24608,697728,1354441.89,349280,349280,8382720,0,0,0,0,0,0,2145976320,2145976320,0,67061760,67061760,0,2145976320,67061760,106822426,100595567,67061760,67061760,16765440,0,67061760,5987,106853698,n/a,2146021632,2149479936,67063176,37.65,1088,56473.79,682392.47,0,4068
1,explicit_mcast,1,1,64,24,6144,24608,699808,1363899.32,349280,349280,8382720,0,0,0,0,0,0,2145976320,2145976320,0,67061760,67061760,0,2145976320,67061760,106829662,100599081,67061760,67061760,16765440,0,67061760,6771,106871790,n/a,2146112256,2149818880,67066008,37.54,1088,56308.79,683138.68,0,4527
0,implicit_l2_intra,1,1,128,12,6144,24608,690112,1354652.73,349280,349280,8382720,0,0,0,0,0,0,2145976320,2145976320,0,67061760,67061760,0,2145976320,67061760,106834182,100607653,67061760,67061760,16765440,0,67061760,5819,106846763,n/a,2146379264,2149988096,67074352,38.07,1088,56604.67,682801.97,0,4918
1,explicit_mcast,1,1,128,12,6144,24608,698688,1367164.19,349280,349280,8382720,0,0,0,0,0,0,2145976320,2145976320,0,67061760,67061760,0,2145976320,67061760,106834980,100608303,67061760,67061760,16765440,0,67061760,4099,106852457,n/a,2146407680,2149907968,67075240,37.60,1088,56190.55,683258.16,0,4445
0,implicit_l2_intra,1,1,32,64,8192,32800,561344,1100041.74,261664,261664,8373248,0,0,0,0,0,0,2143551488,2143551488,0,66985984,66985984,0,2143551488,66985984,106700282,100482311,66985984,66985984,16746496,0,66985984,5879,106711501,n/a,2143613184,2146986496,66987912,46.74,1024,39002.34,571973.68,0,4109
1,explicit_mcast,1,1,32,64,8192,32800,565888,1110499.59,261664,261664,8373248,0,0,0,0,0,0,2143551488,2143551488,0,66985984,66985984,0,2143551488,66985984,106700528,100482915,66985984,66985984,16746496,0,66985984,3302,106712023,n/a,2143608576,2146884096,66987768,46.36,1088,38956.14,572859.72,0,4045
0,implicit_l2_intra,1,1,64,32,8192,32800,562816,1104932.55,261664,261664,8373248,0,0,0,0,0,0,2143551488,2143551488,0,66985984,66985984,0,2143551488,66985984,106700049,100481917,66985984,66985984,16746496,0,66985984,2962,106695511,n/a,2143597312,2147139328,66987416,46.62,1088,38935.57,572923.83,0,3981
1,explicit_mcast,1,1,64,32,8192,32800,565632,1111048.32,261664,261664,8373248,0,0,0,0,0,0,2143551488,2143551488,0,66985984,66985984,0,2143551488,66985984,106700367,100482659,66985984,66985984,16746496,0,66985984,6187,106693210,n/a,2143622912,2147489792,66988216,46.40,1088,38915.27,572695.72,0,4354
0,implicit_l2_intra,1,1,128,16,8192,32800,561280,1106905.66,261664,261664,8373248,0,0,0,0,0,0,2143551488,2143551488,0,66985984,66985984,0,2143551488,66985984,106710631,100492563,66985984,66985984,16746496,0,66985984,3590,106707690,n/a,2143927808,2147414272,66997744,46.75,1024,39044.49,572657.39,0,4528
1,explicit_mcast,1,1,128,16,8192,32800,566080,1111222.82,261664,261664,8373248,0,0,0,0,0,0,2143551488,2143551488,0,66985984,66985984,0,2143551488,66985984,106696317,100481893,66985984,66985984,16746496,0,66985984,5713,106707284,n/a,2143596800,2147111936,66987400,46.35,1088,38909.38,572606.40,0,3844
0,implicit_l2_intra,1,1,32,80,10240,40992,466592,918713.99,209568,209568,8382720,0,0,0,0,0,0,2145976320,2145976320,0,67061760,67061760,0,2145976320,67061760,106527481,100602339,67061760,67061760,16765440,0,67061760,3331,106529283,n/a,2146225408,2149563136,67069544,56.30,1088,32304.51,489761.00,0,4259
1,explicit_mcast,1,1,32,80,10240,40992,470240,916249.45,209568,209568,8382720,0,0,0,0,0,0,2145976320,2145976320,0,67061760,67061760,0,2145976320,67061760,106523304,100598743,67061760,67061760,16765440,0,67061760,8784,106528386,n/a,2146122496,2149896704,67066328,55.87,1088,32327.10,490312.48,0,5349
0,implicit_l2_intra,1,1,64,40,10240,40992,465632,911198.77,209568,209568,8382720,0,0,0,0,0,0,2145976320,2145976320,0,67061760,67061760,0,2145976320,67061760,106525657,100599284,67061760,67061760,16765440,0,67061760,3313,106530219,n/a,2146146816,2149850112,67067088,56.43,1088,32283.74,489889.11,0,5922
1,explicit_mcast,1,1,64,40,10240,40992,467360,916997.46,209568,209568,8382720,0,0,0,0,0,0,2145976320,2145976320,0,67061760,67061760,0,2145976320,67061760,106520819,100595547,67061760,67061760,16765440,0,67061760,5673,106519757,n/a,2146025984,2149503488,67063312,56.21,1088,32288.91,489710.93,0,4074
0,implicit_l2_intra,1,1,128,20,10240,40992,467296,915188.54,209568,209568,8382720,0,0,0,0,0,0,2145976320,2145976320,0,67061760,67061760,0,2145976320,67061760,106529993,100603893,67061760,67061760,16765440,0,67061760,3660,106532521,n/a,2146267136,2150473984,67070848,56.24,1088,32331.90,489611.35,0,5729
1,explicit_mcast,1,1,128,20,10240,40992,468256,916249.16,209568,209568,8382720,0,0,0,0,0,0,2145976320,2145976320,0,67061760,67061760,0,2145976320,67061760,106517111,100595499,67061760,67061760,16765440,0,67061760,6246,106538553,n/a,2146024448,2150135040,67063264,56.12,1088,32220.00,490112.60,0,3730
0,implicit_l2_intra,1,1,32,96,12288,49184,407360,794963.91,174640,174640,8382720,0,0,0,0,0,0,2145976320,2145976320,0,67061760,67061760,0,2145976320,67061760,106336390,100595555,67061760,67061760,16765440,0,67061760,5913,106352702,n/a,2146027008,2149421824,67063344,64.48,1088,28177.81,443820.70,0,4041
1,explicit_mcast,1,1,32,96,12288,49184,407328,799233.95,174640,174640,8382720,0,0,0,0,0,0,2145976320,2145976320,0,67061760,67061760,0,2145976320,67061760,106344296,100603021,67061760,67061760,16765440,0,67061760,3251,106346244,n/a,2146241792,2149511424,67070056,64.49,1088,28035.32,442728.29,0,5579
0,implicit_l2_intra,1,1,64,48,12288,49184,406208,795417.45,174640,174640,8382720,0,0,0,0,0,0,2145976320,2145976320,0,67061760,67061760,0,2145976320,67061760,106346998,100606017,67061760,67061760,16765440,0,67061760,3608,106337919,n/a,2146348032,2149904640,67073376,64.68,1088,28082.61,442678.86,0,4732
1,explicit_mcast,1,1,64,48,12288,49184,409760,802312.95,174640,174640,8382720,0,0,0,0,0,0,2145976320,2145976320,0,67061760,67061760,0,2145976320,67061760,106336472,100595557,67061760,67061760,16765440,0,67061760,5367,106339680,n/a,2146027264,2149396736,67063352,64.10,1088,27966.45,442413.42,0,4168
0,implicit_l2_intra,1,1,128,24,12288,49184,407904,795349.91,174640,174640,8382720,0,0,0,0,0,0,2145976320,2145976320,0,67061760,67061760,0,2145976320,67061760,106336665,100595827,67061760,67061760,16765440,0,67061760,5485,106344040,n/a,2146035712,2149529600,67063616,64.40,1088,28133.62,443676.22,0,4083
1,explicit_mcast,1,1,128,24,12288,49184,410080,802943.23,174640,174640,8382720,0,0,0,0,0,0,2145976320,2145976320,0,67061760,67061760,0,2145976320,67061760,106342571,100603089,67061760,67061760,16765440,0,67061760,3512,106340942,n/a,2146240256,2149691392,67070008,64.06,1088,28104.93,442935.44,0,4858
0,implicit_l2_intra,1,1,32,112,14336,57376,366816,719591.47,149776,149776,8387456,0,0,0,0,0,0,2147188736,2147188736,0,67099648,67099648,0,2147188736,67099648,106213244,100658967,67099648,67099648,16774912,0,67099648,5479,106223732,n/a,2147434496,2151540736,67107328,71.68,1088,26148.06,415518.43,0,4290
1,explicit_mcast,1,1,32,112,14336,57376,368352,718348.65,149776,149776,8387456,0,0,0,0,0,0,2147188736,2147188736,0,67099648,67099648,0,2147188736,67099648,106209072,100659203,67099648,67099648,16774912,0,67099648,5997,106221499,n/a,2147441152,2150908928,67107536,71.36,1088,26051.06,413570.88,0,4046
0,implicit_l2_intra,1,1,64,56,14336,57376,367360,720800.20,149776,149776,8387456,0,0,0,0,0,0,2147188736,2147188736,0,67099648,67099648,0,2147188736,67099648,106210520,100658003,67099648,67099648,16774912,0,67099648,3601,106232020,n/a,2147409664,2151350528,67106552,71.57,1088,25984.21,414253.77,0,4051
1,explicit_mcast,1,1,64,56,14336,57376,368448,717967.12,149776,149776,8387456,0,0,0,0,0,0,2147188736,2147188736,0,67099648,67099648,0,2147188736,67099648,106205503,100653347,67099648,67099648,16774912,0,67099648,3211,106217121,n/a,2147252992,2150609408,67101656,71.33,1088,25864.11,413182.64,0,4237
0,implicit_l2_intra,1,1,128,28,14336,57376,368768,716210.09,149776,149776,8387456,0,0,0,0,0,0,2147188736,2147188736,0,67099648,67099648,0,2147188736,67099648,106201818,100659074,67099648,67099648,16774912,0,67099648,3348,106204525,n/a,2147441152,2151329024,67107536,71.29,1088,26066.73,414484.62,0,1609
1,explicit_mcast,1,1,128,28,14336,57376,369120,717900.88,149776,149776,8387456,0,0,0,0,0,0,2147188736,2147188736,0,67099648,67099648,0,2147188736,67099648,106204530,100652405,67099648,67099648,16774912,0,67099648,6367,106220715,n/a,2147239168,2150445568,67101224,71.19,1088,26006.07,413947.76,0,4037
0,implicit_l2_intra,1,1,32,128,16384,65568,336064,668203.31,130832,130832,8373248,0,0,0,0,0,0,2143551488,2143551488,0,66985984,66985984,0,2143551488,66985984,106462708,100491594,66985984,66985984,16746496,0,66985984,2910,106470366,n/a,2143893504,2147404544,66996672,78.09,1024,23364.92,392722.30,0,5646
1,explicit_mcast,1,1,32,128,16384,65568,342752,663039.96,130832,130832,8373248,0,0,0,0,0,0,2143551488,2143551488,0,66985984,66985984,0,2143551488,66985984,106455958,100484863,66985984,66985984,16746496,0,66985984,5185,106455832,n/a,2143693312,2147430912,66990416,76.57,1088,23386.18,393924.66,0,3922
0,implicit_l2_intra,1,1,64,64,16384,65568,339360,663624.77,130832,130832,8373248,0,0,0,0,0,0,2143551488,2143551488,0,66985984,66985984,0,2143551488,66985984,106463060,100487843,66985984,66985984,16746496,0,66985984,5450,106467182,n/a,2143782400,2147682560,66993200,77.34,1024,23446.78,394358.53,0,4448
1,explicit_mcast,1,1,64,64,16384,65568,340768,664549.38,130832,130832,8373248,0,0,0,0,0,0,2143551488,2143551488,0,66985984,66985984,0,2143551488,66985984,106450474,100484054,66985984,66985984,16746496,0,66985984,5534,106467089,n/a,2143671808,2147387648,66989744,77.01,1088,23197.81,392173.20,0,1695
0,implicit_l2_intra,1,1,128,32,16384,65568,339136,663353.41,130832,130832,8373248,0,0,0,0,0,0,2143551488,2143551488,0,66985984,66985984,0,2143551488,66985984,106453178,100481871,66985984,66985984,16746496,0,66985984,3166,106461472,n/a,2143601664,2147915776,66987552,77.40,1088,23404.45,394481.22,0,3731
1,explicit_mcast,1,1,128,32,16384,65568,339456,667506,130832,130832,8373248,0,0,0,0,0,0,2143551488,2143551488,0,66985984,66985984,0,2143551488,66985984,106453969,100482735,66985984,66985984,16746496,0,66985984,6062,106461698,n/a,2143626496,2147164160,66988328,77.30,1088,23483.93,393845.97,0,3912
0,implicit_l2_intra,1,1,32,160,20480,81952,310784,605042.70,104784,104784,8382720,0,0,0,0,0,0,2145976320,2145976320,0,67061760,67061760,0,2145976320,67061760,105729490,100601417,67061760,67061760,16765440,0,67061760,6007,105752574,n/a,2146201088,2149359872,67068784,84.52,1088,24829.90,386844.05,0,3858
1,explicit_mcast,1,1,32,160,20480,81952,311648,608673.27,104784,104784,8382720,0,0,0,0,0,0,2145976320,2145976320,0,67061760,67061760,0,2145976320,67061760,105729784,100601049,67061760,67061760,16765440,0,67061760,4173,105738895,n/a,2146192384,2150353920,67068512,84.33,1088,24521.30,385440.07,0,3922
0,implicit_l2_intra,1,1,64,80,20480,81952,313888,609987.81,104784,104784,8382720,0,0,0,0,0,0,2145976320,2145976320,0,67061760,67061760,0,2145976320,67061760,105733206,100601437,67061760,67061760,16765440,0,67061760,5967,105754788,n/a,2146207488,2150395904,67068984,83.73,1088,24906.69,386810.39,0,4741
1,explicit_mcast,1,1,64,80,20480,81952,312320,609867.15,104784,104784,8382720,0,0,0,0,0,0,2145976320,2145976320,0,67061760,67061760,0,2145976320,67061760,105733183,100603433,67061760,67061760,16765440,0,67061760,5829,105753038,n/a,2146264320,2150117120,67070760,84.14,1088,24812.49,384546.78,0,4629
0,implicit_l2_intra,1,1,128,40,20480,81952,309568,606582.91,104784,104784,8382720,0,0,0,0,0,0,2145976320,2145976320,0,67061760,67061760,0,2145976320,67061760,105723401,100595393,67061760,67061760,16765440,0,67061760,5437,105747867,n/a,2146024448,2149562112,67063264,84.86,1088,24968.92,386136.21,0,3648
1,explicit_mcast,1,1,128,40,20480,81952,313984,613090.54,104784,104784,8382720,0,0,0,0,0,0,2145976320,2145976320,0,67061760,67061760,0,2145976320,67061760,105729127,100596407,67061760,67061760,16765440,0,67061760,5999,105749881,n/a,2146062336,2149813248,67064448,83.68,1088,24732.26,384831.21,0,4679
0,implicit_l2_intra,1,1,32,176,22528,90144,305824,601398.68,95312,95312,8387456,0,0,0,0,0,0,2147188736,2147188736,0,67099648,67099648,0,2147188736,67099648,105630721,100652399,67099648,67099648,16774912,0,67099648,5819,105652865,n/a,2147240704,2150775040,67101272,85.95,1088,24513.93,388355.62,0,3741
1,explicit_mcast,1,1,32,176,22528,90144,306592,595095.01,95312,95312,8387456,0,0,0,0,0,0,2147188736,2147188736,0,67099648,67099648,0,2147188736,67099648,105637412,100657785,67099648,67099648,16774912,0,67099648,5664,105659062,n/a,2147407360,2150756608,67106480,85.73,1088,24796.64,387240.75,0,4308
0,implicit_l2_intra,1,1,64,88,22528,90144,305472,593028.14,95312,95312,8387456,0,0,0,0,0,0,2147188736,2147188736,0,67099648,67099648,0,2147188736,67099648,105637257,100659017,67099648,67099648,16774912,0,67099648,5270,105654185,n/a,2147438592,2150664704,67107456,86.04,1088,24707.63,388264.69,0,4497
1,explicit_mcast,1,1,64,88,22528,90144,305600,597288,95312,95312,8387456,0,0,0,0,0,0,2147188736,2147188736,0,67099648,67099648,0,2147188736,67099648,105631840,100653609,67099648,67099648,16774912,0,67099648,5465,105664010,n/a,2147280896,2150763008,67102528,86.01,1088,25170.64,386851.54,0,3975
0,implicit_l2_intra,1,1,128,44,22528,90144,305312,595272.95,95312,95312,8387456,0,0,0,0,0,0,2147188736,2147188736,0,67099648,67099648,0,2147188736,67099648,105629905,100652349,67099648,67099648,16774912,0,67099648,5347,105660637,n/a,2147238912,2150767616,67101216,86.09,1088,25015.02,389210.40,0,3730
1,explicit_mcast,1,1,128,44,22528,90144,308032,600921.15,95312,95312,8387456,0,0,0,0,0,0,2147188736,2147188736,0,67099648,67099648,0,2147188736,67099648,105640440,100658961,67099648,67099648,16774912,0,67099648,4570,105661224,n/a,2147437824,2151097344,67107432,85.35,1088,24592.89,388024.88,0,5736
0,implicit_l2_intra,1,1,64,96,24576,98336,298976,583807.69,87024,87024,8354304,0,0,0,0,0,0,2138701824,2138701824,0,66834432,66834432,0,2138701824,66834432,105118283,100259545,66834432,66834432,16708608,0,66834432,6054,105138691,n/a,2138903552,2142450432,66840736,87.57,1088,23721.69,390855.46,0,4877
1,explicit_mcast,1,1,64,96,24576,98336,301760,585039.24,87024,87024,8354304,0,0,0,0,0,0,2138701824,2138701824,0,66834432,66834432,0,2138701824,66834432,105123193,100259685,66834432,66834432,16708608,0,66834432,5885,105154859,n/a,2138914560,2142662144,66841080,86.78,1088,23616.85,390670.13,0,3771
0,implicit_l2_intra,1,1,128,48,24576,98336,300576,586093.96,87024,87024,8354304,0,0,0,0,0,0,2138701824,2138701824,0,66834432,66834432,0,2138701824,66834432,105119662,100259169,66834432,66834432,16708608,0,66834432,5374,105149793,n/a,2138897664,2142429184,66840552,87.11,1088,23833.62,391937.90,0,3862
1,explicit_mcast,1,1,128,48,24576,98336,299840,584786.51,87024,87024,8354304,0,0,0,0,0,0,2138701824,2138701824,0,66834432,66834432,0,2138701824,66834432,105110661,100260686,66834432,66834432,16708608,0,66834432,5378,105143232,n/a,2138935552,2142838784,66841736,87.33,1088,23946.37,390917.26,0,942
0,implicit_l2_intra,1,1,128,52,26624,106528,298912,580991.34,80512,80512,8373248,0,0,0,0,0,0,2143551488,2143551488,0,66985984,66985984,0,2143551488,66985984,105139728,100489055,66985984,66985984,16746496,0,66985984,5466,105164902,n/a,2143821056,2147371520,66994408,87.80,1088,24017.18,399084.37,0,4357
1,explicit_mcast,1,1,128,52,26624,106528,298752,581122.11,80512,80512,8373248,0,0,0,0,0,0,2143551488,2143551488,0,66985984,66985984,0,2143551488,66985984,105140773,100487303,66985984,66985984,16746496,0,66985984,5989,105159546,n/a,2143755008,2147022592,66992344,87.83,1088,23590.72,398349.52,0,7163
0,implicit_l2_intra,1,1,128,56,28672,114720,297856,580307.26,74592,74592,8354304,0,0,0,0,0,0,2138701824,2138701824,0,66834432,66834432,0,2138701824,66834432,104738294,100260825,66834432,66834432,16708608,0,66834432,4560,104781201,n/a,2138941184,2142429440,66841912,87.90,1088,24130.53,402874.43,0,4425
1,explicit_mcast,1,1,128,56,28672,114720,295904,582799.08,74592,74592,8354304,0,0,0,0,0,0,2138701824,2138701824,0,66834432,66834432,0,2138701824,66834432,104735856,100255205,66834432,66834432,16708608,0,66834432,4856,104792616,n/a,2138770176,2142284544,66836568,88.48,1088,23363.11,401251.86,0,4025
0,implicit_l2_intra,1,1,128,60,30720,122912,297152,580630.51,69856,69856,8382720,0,0,0,0,0,0,2145976320,2145976320,0,67061760,67061760,0,2145976320,67061760,104993718,100602551,67061760,67061760,16765440,0,67061760,4696,105078820,n/a,2146234880,2149528064,67069840,88.41,1088,21155.53,405289.04,0,4061
1,explicit_mcast,1,1,128,60,30720,122912,297248,580478.12,69856,69856,8382720,0,0,0,0,0,0,2145976320,2145976320,0,67061760,67061760,0,2145976320,67061760,104981904,100596251,67061760,67061760,16765440,0,67061760,4321,105082527,n/a,2146049024,2149399296,67064032,88.37,1088,21945.62,406349.07,0,3941
0,implicit_l2_intra,1,1,64,128,32768,131104,296576,573989.73,65120,65120,8335360,0,0,0,0,0,0,2133852160,2133852160,0,66682880,66682880,0,2133852160,66682880,104526477,100032057,66682880,66682880,16670720,0,66682880,4361,104623358,n/a,2134051328,2137561344,66689104,88.09,1024,16832.42,399106.82,0,3902
1,explicit_mcast,1,1,64,128,32768,131104,295424,580639.05,65120,65120,8335360,0,0,0,0,0,0,2133852160,2133852160,0,66682880,66682880,0,2133852160,66682880,104531749,100031893,66682880,66682880,16670720,0,66682880,4694,104715331,n/a,2134046976,2137967872,66688968,88.44,1088,16714.53,400896.24,0,3559
0,implicit_l2_intra,1,1,128,64,32768,131104,295296,575087.35,65120,65120,8335360,0,0,0,0,0,0,2133852160,2133852160,0,66682880,66682880,0,2133852160,66682880,104515127,100027214,66682880,66682880,16670720,0,66682880,3415,104916734,n/a,2133908224,2137081344,66684632,88.44,1024,16883.64,397035.27,0,2843
1,explicit_mcast,1,1,128,64,32768,131104,293952,578270.88,65120,65120,8335360,0,0,0,0,0,0,2133852160,2133852160,0,66682880,66682880,0,2133852160,66682880,104597040,100028924,66682880,66682880,16670720,0,66682880,4013,104630851,n/a,2133949952,2137321984,66685936,88.85,1088,16039.52,401741.84,0,1193
0,implicit_l2_intra,1,1,128,72,36864,147488,297408,577734.82,58016,58016,8354304,0,0,0,0,0,0,2138701824,2138701824,0,66834432,66834432,0,2138701824,66834432,104472160,100255037,66834432,66834432,16708608,0,66834432,3079,104995079,n/a,2138768384,2142228992,66836512,88.04,1088,15763.75,395515.76,0,3723
1,explicit_mcast,1,1,128,72,36864,147488,292640,579627.14,58016,58016,8354304,0,0,0,0,0,0,2138701824,2138701824,0,66834432,66834432,0,2138701824,66834432,104623420,100254309,66834432,66834432,16708608,0,66834432,5854,104839097,n/a,2138749952,2142497536,66835936,89.47,1088,14825.07,397673.58,0,2787
0,implicit_l2_intra,1,1,128,80,40960,163872,295840,576078.31,52096,52096,8335360,0,0,0,0,0,0,2133852160,2133852160,0,66682880,66682880,0,2133852160,66682880,104888886,100030953,66682880,66682880,16670720,0,66682880,4670,104956985,n/a,2134018816,2137770240,66688088,88.31,1088,12164.28,388843.76,0,3207
1,explicit_mcast,1,1,128,80,40960,163872,298048,575548.74,52096,52096,8335360,0,0,0,0,0,0,2133852160,2133852160,0,66682880,66682880,0,2133852160,66682880,104595459,100033109,66682880,66682880,16670720,0,66682880,3111,105267542,n/a,2134081792,2137358336,66690056,87.64,1088,11682.19,383337.15,0,3057
0,implicit_l2_intra,1,1,64,192,49152,196640,302400,593147.72,43216,43216,8297475,0,0,0,0,0,0,2124152832,2124152832,0,66379776,66379776,0,2124152832,66379776,104477913,99572487,66379776,66379776,16594944,0,66379776,5474,105576026,n/a,2124203520,2127713024,66381360,85.99,1088,10227.36,374390.97,0,3097
1,explicit_mcast,1,1,64,192,49152,196640,301600,583980.61,43216,43216,8297473,0,0,0,0,0,0,2124152832,2124152832,0,66379776,66379776,0,2124152832,66379776,104824239,99577201,66379776,66379776,16594944,0,66379776,4846,106150911,n/a,2124348416,2128130560,66385888,86.23,1088,9518.44,377508.24,0,2683
0,implicit_l2_intra,1,1,128,96,49152,196640,302208,584781.99,43216,43216,8297477,0,0,0,0,0,0,2124152832,2124152832,0,66379776,66379776,0,2124152832,66379776,104408169,99572575,66379776,66379776,16594944,0,66379776,5582,105281139,n/a,2124209408,2128086528,66381544,86.06,1088,10155.29,375355.61,0,2937
1,explicit_mcast,1,1,128,96,49152,196640,302912,581101.61,43216,43216,8297475,0,0,0,0,0,0,2124152832,2124152832,0,66379776,66379776,0,2124152832,66379776,104485469,99577997,66379776,66379776,16594944,0,66379776,5537,105091756,n/a,2124367616,2127857408,66386488,85.85,1088,9810.79,375019.34,0,3304
0,implicit_l2_intra,1,1,64,224,57344,229408,305216,600091.97,37296,37296,8354420,0,0,0,0,0,0,2138701824,2138701824,0,66834432,66834432,0,2138701824,66834432,105275245,100259043,66834432,66834432,16708608,0,66834432,3432,106677804,n/a,2138889472,2142430208,66840296,85.79,1088,8954.32,377280.88,0,2970
1,explicit_mcast,1,1,64,224,57344,229408,304416,601212.22,37296,37296,8354432,0,0,0,0,0,0,2138701824,2138701824,0,66834432,66834432,0,2138701824,66834432,105370989,100257283,66834432,66834432,16708608,0,66834432,4856,106560336,n/a,2138844160,2142701056,66838880,86.02,1088,9109.04,377200.24,0,3098
0,implicit_l2_intra,1,1,128,112,57344,229408,306432,597757.22,37296,37296,8354465,0,0,0,0,0,0,2138701824,2138701824,0,66834432,66834432,0,2138701824,66834432,105496333,100258735,66834432,66834432,16708608,0,66834432,4415,106218931,n/a,2138885120,2143207424,66840160,85.48,1088,8815.97,378102.48,0,2551
1,explicit_mcast,1,1,128,112,57344,229408,305952,597338.09,37296,37296,8354401,0,0,0,0,0,0,2138701824,2138701824,0,66834432,66834432,0,2138701824,66834432,105353254,100255093,66834432,66834432,16708608,0,66834432,4302,106258323,n/a,2138775296,2142554880,66836728,85.58,1088,8942.75,376161.72,0,2667
0,implicit_l2_intra,2,2,32,8,1024,4128,3359040,6596179.65,2096864,2096864,8387456,0,0,0,0,0,0,2147188736,2147188736,0,67099648,67099648,0,2147188736,67099648,56794144,50397424,33549824,33549824,8387456,0,33549824,9630,56705233,n/a,1075325696,1079167488,33603928,3.93,1088,361002.39,2992175.81,0,14348
0,implicit_l2_intra,2,2,64,4,1024,4128,3360096,6591415.35,2096864,2096864,8387456,0,0,0,0,0,0,2147188736,2147188736,0,67099648,67099648,0,2147188736,67099648,56783465,50392675,33549824,33549824,8387456,0,33549824,24673,56702530,n/a,1075553536,1079271424,33611048,3.92,1088,360258.77,2979748.48,0,10108
0,implicit_l2_intra,2,2,128,4,2048,8224,1737664,3424603.78,1048432,1048432,8387456,0,0,0,0,0,0,2147188736,2147188736,0,67099648,67099648,0,2147188736,67099648,56741860,50352827,33549824,33549824,8387456,0,33549824,7110,56742835,n/a,1074285312,1078230016,33571416,7.58,1088,196032.68,1560203.16,0,8235
0,implicit_l2_intra,2,2,32,16,2048,8224,1743680,3417550.35,1048432,1048432,8387456,0,0,0,0,0,0,2147188736,2147188736,0,67099648,67099648,0,2147188736,67099648,56740588,50359351,33549824,33549824,8387456,0,33549824,22800,56749456,n/a,1074402560,1078198016,33575080,7.56,1088,195618.99,1559797.31,0,7181
0,implicit_l2_intra,2,2,64,8,2048,8224,1740160,3422740.32,1048432,1048432,8387456,0,0,0,0,0,0,2147188736,2147188736,0,67099648,67099648,0,2147188736,67099648,56782282,50375448,33549824,33549824,8387456,0,33549824,13833,56741002,n/a,1074877440,1078516992,33589920,7.57,1088,194899.49,1573768.75,0,23422
0,implicit_l2_intra,2,2,32,32,4096,16416,915904,1788104.86,523920,523920,8382720,0,0,0,0,0,0,2145976320,2145976320,0,67061760,67061760,0,2145976320,67061760,56567654,50315731,33530880,33530880,8382720,0,33530880,7641,56539524,n/a,1073479424,1077346816,33546232,14.37,1088,91569.47,835329.25,0,11700
0,implicit_l2_intra,2,2,64,16,4096,16416,907584,1780127.34,523920,523920,8382720,0,0,0,0,0,0,2145976320,2145976320,0,67061760,67061760,0,2145976320,67061760,56559585,50316799,33530880,33530880,8382720,0,33530880,7775,56559154,n/a,1073513728,1077316864,33547304,14.51,1088,91579.32,830701.48,0,5403
0,implicit_l2_intra,2,2,128,8,4096,16416,925312,1816557.76,523920,523920,8382720,0,0,0,0,0,0,2145976320,2145976320,0,67061760,67061760,0,2145976320,67061760,56554423,50311875,33530880,33530880,8382720,0,33530880,5995,56558658,n/a,1073405184,1077184256,33543912,14.23,1088,91564.81,846246.61,0,5498
0,implicit_l2_intra,2,2,32,48,6144,24608,679968,1325273.12,349280,349280,8382720,0,0,0,0,0,0,2145976320,2145976320,0,67061760,67061760,0,2145976320,67061760,56550066,50307203,33530880,33530880,8382720,0,33530880,6722,56569835,n/a,1073238528,1077004288,33538704,19.35,1088,56122.83,644990.75,0,4545
0,implicit_l2_intra,2,2,64,24,6144,24608,677920,1348310.30,349280,349280,8382720,0,0,0,0,0,0,2145976320,2145976320,0,67061760,67061760,0,2145976320,67061760,56553895,50311391,33530880,33530880,8382720,0,33530880,7607,56566319,n/a,1073407232,1077015296,33543976,19.41,1088,56541.36,645347.75,0,5625
0,implicit_l2_intra,2,2,128,12,6144,24608,682496,1325816.62,349280,349280,8382720,0,0,0,0,0,0,2145976320,2145976320,0,67061760,67061760,0,2145976320,67061760,56567884,50310747,33530880,33530880,8382720,0,33530880,7760,56560139,n/a,1073378304,1077468160,33543072,19.29,1088,55759.54,645655.49,0,11104
0,implicit_l2_intra,2,2,32,64,8192,32800,552384,1085053.54,261664,261664,8373248,0,0,0,0,0,0,2143551488,2143551488,0,66985984,66985984,0,2143551488,66985984,56470777,50241194,33492992,33492992,8373248,0,33492992,7356,56484280,n/a,1071780352,1075714048,33493136,23.80,1088,40572.17,531759.83,0,1012
0,implicit_l2_intra,2,2,64,32,8192,32800,548512,1080332.76,261664,261664,8373248,0,0,0,0,0,0,2143551488,2143551488,0,66985984,66985984,0,2143551488,66985984,56489281,50252881,33492992,33492992,8373248,0,33492992,6134,56489697,n/a,1072114944,1075603968,33503592,23.96,1088,40560.59,529480.61,0,3922
0,implicit_l2_intra,2,2,128,16,8192,32800,553216,1083814.84,261664,261664,8373248,0,0,0,0,0,0,2143551488,2143551488,0,66985984,66985984,0,2143551488,66985984,56494770,50253819,33492992,33492992,8373248,0,33492992,6037,56472950,n/a,1072123136,1075894016,33503848,23.77,1088,40611.78,529852.52,0,4884
0,implicit_l2_intra,2,2,32,80,10240,40992,448704,881213.27,209568,209568,8382720,0,0,0,0,0,0,2145976320,2145976320,0,67061760,67061760,0,2145976320,67061760,56279980,50300368,33530880,33530880,8382720,0,33530880,4752,56272103,n/a,1073061376,1076660736,33533168,29.32,1088,32169.55,438614.82,0,34005
0,implicit_l2_intra,2,2,64,40,10240,40992,450816,883378.97,209568,209568,8382720,0,0,0,0,0,0,2145976320,2145976320,0,67061760,67061760,0,2145976320,67061760,56247411,50300461,33530880,33530880,8382720,0,33530880,5651,56272138,n/a,1073067008,1076797440,33533344,29.19,1088,32232.12,437959.56,0,4037
0,implicit_l2_intra,2,2,128,20,10240,40992,448608,883267.72,209568,209568,8382720,0,0,0,0,0,0,2145976320,2145976320,0,67061760,67061760,0,2145976320,67061760,56258388,50310765,33530880,33530880,8382720,0,33530880,5575,56272440,n/a,1073355264,1076914688,33542352,29.34,1088,32187.06,438563.69,0,4942
0,implicit_l2_intra,2,2,32,96,12288,49184,387232,760261.80,174640,174640,8382720,0,0,0,0,0,0,2145976320,2145976320,0,67061760,67061760,0,2145976320,67061760,56075152,50305416,33530880,33530880,8382720,0,33530880,2842,56076474,n/a,1073213440,1076993792,33537920,33.99,1088,26918.21,381163.95,0,1309
0,implicit_l2_intra,2,2,64,48,12288,49184,383648,751683.74,174640,174640,8382720,0,0,0,0,0,0,2145976320,2145976320,0,67061760,67061760,0,2145976320,67061760,56078497,50301433,33530880,33530880,8382720,0,33530880,3758,56088274,n/a,1073078784,1076416512,33533712,34.29,1088,26903.13,382165.66,0,3993
0,implicit_l2_intra,2,2,128,24,12288,49184,386048,758367.80,174640,174640,8382720,0,0,0,0,0,0,2145976320,2145976320,0,67061760,67061760,0,2145976320,67061760,56084231,50306983,33530880,33530880,8382720,0,33530880,10941,56086840,n/a,1073249792,1076588032,33539056,34.08,1088,26955.03,381957.77,0,3988
0,implicit_l2_intra,2,2,32,112,14336,57376,338752,663903.54,149776,149776,8387456,0,0,0,0,0,0,2147188736,2147188736,0,67099648,67099648,0,2147188736,67099648,55926978,50342939,33564272,33564272,8391068,13712,33549824,19336,55931603,n/a,1073659136,1076977152,33551848,38.85,1088,23222.43,341343.98,0,4291
0,implicit_l2_intra,2,2,64,56,14336,57376,338944,662163.89,149776,149776,8387456,0,0,0,0,0,0,2147188736,2147188736,0,67099648,67099648,0,2147188736,67099648,55922247,50341079,33563272,33563272,8390818,13588,33549824,19225,55937435,n/a,1073637120,1076970496,33551160,38.83,1088,23272.61,342662.63,0,3731
0,implicit_l2_intra,2,2,128,28,14336,57376,339200,663624.53,149776,149776,8387456,0,0,0,0,0,0,2147188736,2147188736,0,67099648,67099648,0,2147188736,67099648,55921820,50340059,33562220,33562220,8390555,12036,33549824,19190,55935727,n/a,1073638656,1077008128,33551208,38.80,1088,23264.76,342213.64,0,3735
0,implicit_l2_intra,2,2,32,128,16384,65568,305792,598038.73,130832,130832,8373248,0,0,0,0,0,0,2143551488,2143551488,0,66985984,66985984,0,2143551488,66985984,56809987,50809183,34059616,34059616,8514904,596780,33492992,602494,56247643,n/a,1071826944,1074954496,33494592,42.96,1088,20483.29,312881.78,0,3805
0,implicit_l2_intra,2,2,64,64,16384,65568,307776,598489.19,130832,130832,8373248,0,0,0,0,0,0,2143551488,2143551488,0,66985984,66985984,0,2143551488,66985984,56933279,50934571,34179600,34179600,8544900,719040,33492992,725024,56245635,n/a,1071983104,1075445248,33499472,42.70,1088,20374.51,308630.60,0,3796
0,implicit_l2_intra,2,2,128,32,16384,65568,305216,596292.92,130832,130832,8373248,0,0,0,0,0,0,2143551488,2143551488,0,66985984,66985984,0,2143551488,66985984,56924779,50927067,34177684,34177684,8544421,718688,33492992,726887,56248170,n/a,1071819264,1075345920,33494352,43.05,1088,20423.50,311212.97,0,3732
0,implicit_l2_intra,2,2,32,160,20480,81952,257280,502788.09,104784,104784,8382720,0,0,0,0,0,0,2145976320,2145976320,0,67061760,67061760,0,2145976320,67061760,56839489,51682947,34908580,34908580,8727145,1393656,33530880,1399255,55474761,n/a,1073214464,1076637440,33537952,51.14,1088,17131.38,271840.24,0,4120
0,implicit_l2_intra,2,2,64,80,20480,81952,257664,503861.19,104784,104784,8382720,0,0,0,0,0,0,2145976320,2145976320,0,67061760,67061760,0,2145976320,67061760,56838452,51683871,34915536,34915536,8728884,1403024,33530880,1409052,55474266,n/a,1073035008,1076499200,33532344,51.06,1088,17041.54,269247.44,0,3732
0,implicit_l2_intra,2,2,128,40,20480,81952,257632,506419.34,104784,104784,8382720,0,0,0,0,0,0,2145976320,2145976320,0,67061760,67061760,0,2145976320,67061760,56926451,51769317,34995664,34995664,8748916,1441628,33530880,1447999,55481971,n/a,1073171456,1076391424,33536608,51.06,1088,17130.02,271534.92,0,4632
0,implicit_l2_intra,2,2,32,176,22528,90144,240224,478004.31,95312,95312,8387456,0,0,0,0,0,0,2147188736,2147188736,0,67099648,67099648,0,2147188736,67099648,56836020,51820177,35040564,35040564,8760141,1481456,33549824,1486983,55368585,n/a,1073700096,1077957120,33553128,54.84,1088,16170.88,259582.81,0,3814
0,implicit_l2_intra,2,2,64,88,22528,90144,241376,467255.24,95312,95312,8387456,0,0,0,0,0,0,2147188736,2147188736,0,67099648,67099648,0,2147188736,67099648,57137731,52118419,35336200,35336200,8834050,1867640,33549824,1870975,55363115,n/a,1073767168,1077534720,33555224,54.56,1088,16154.18,258944.36,0,4438
0,implicit_l2_intra,2,2,128,44,22528,90144,240800,468950.50,95312,95312,8387456,0,0,0,0,0,0,2147188736,2147188736,0,67099648,67099648,0,2147188736,67099648,56690977,51675923,34893656,34893656,8723414,1356472,33549824,1362509,55361207,n/a,1073769216,1077236224,33555288,54.67,1088,16029.97,258154.07,0,3860
0,implicit_l2_intra,2,2,64,96,24576,98336,228256,438143.46,87024,87024,8354304,0,0,0,0,0,0,2138701824,2138701824,0,66834432,66834432,0,2138701824,66834432,57676394,52798017,36086532,36086532,9021633,2695292,33417216,2700899,55016252,n/a,1069399040,1072575488,33418720,57.43,1088,15045.33,244968.39,0,3732
0,implicit_l2_intra,2,2,128,48,24576,98336,227008,439052.81,87024,87024,8354304,0,0,0,0,0,0,2138701824,2138701824,0,66834432,66834432,0,2138701824,66834432,57385212,52504757,35793308,35793308,8948327,2414768,33417216,2420506,55024589,n/a,1069397760,1072837888,33418680,57.77,1088,15083.18,245584.23,0,3801
0,implicit_l2_intra,2,2,128,52,26624,106528,217184,421519.03,80512,80512,8373248,0,0,0,0,0,0,2143551488,2143551488,0,66985984,66985984,0,2143551488,66985984,58564997,53902601,37153196,37153196,9288299,3690284,33492992,3693096,54909010,n/a,1071824896,1075378944,33494528,60.52,1088,14566.30,238779.65,0,3939
0,implicit_l2_intra,2,2,128,56,28672,114720,205984,400456.12,74592,74592,8354304,0,0,0,0,0,0,2138701824,2138701824,0,66834432,66834432,0,2138701824,66834432,59233393,54745857,38034380,38034380,9508595,4828380,33417216,4831562,54636625,n/a,1069394688,1072890880,33418584,63.65,1088,13425.36,230578.81,0,3730
0,implicit_l2_intra,2,2,128,60,30720,122912,199520,388438.49,69856,69856,8382720,0,0,0,0,0,0,2145976320,2145976320,0,67061760,67061760,0,2145976320,67061760,57919101,53541227,36769240,36769240,9192310,3192024,33530880,3197201,54686921,n/a,1073140224,1076841984,33535632,65.96,1088,13891.42,229008.46,0,3891
0,implicit_l2_intra,2,2,64,128,32768,131104,191392,373468.77,65120,65120,8335360,0,0,0,0,0,0,2133852160,2133852160,0,66682880,66682880,0,2133852160,66682880,59469413,55159147,38485588,38485588,9621397,5228164,33341440,5233237,54347068,n/a,1066971648,1070300160,33342864,68.35,1088,12619.52,220063.11,0,3730
0,implicit_l2_intra,2,2,128,64,32768,131104,192096,374257.97,65120,65120,8335360,0,0,0,0,0,0,2133852160,2133852160,0,66682880,66682880,0,2133852160,66682880,59485500,55172723,38495060,38495060,9623765,5350992,33341440,5356219,54347350,n/a,1067086592,1070716672,33346456,68.13,1088,12569.32,220579.46,0,4378
0,implicit_l2_intra,2,2,128,72,36864,147488,184800,355000.23,58016,58016,8354304,0,0,0,0,0,0,2138701824,2138701824,0,66834432,66834432,0,2138701824,66834432,59509476,55670059,38954196,38954196,9738549,5659028,33417216,5663562,53987113,n/a,1069527808,1073048064,33422744,70.97,1088,12682.79,216830.09,0,3863
0,implicit_l2_intra,2,2,128,80,40960,163872,175040,338970.47,52096,52096,8335360,0,0,0,0,0,0,2133852160,2133852160,0,66682880,66682880,0,2133852160,66682880,59597572,56071721,39398276,39398276,9849569,6124496,33341440,6129212,53563228,n/a,1066969856,1070627584,33342808,74.77,1088,12321.10,213469.02,0,2977
0,implicit_l2_intra,2,2,64,192,49152,196640,166400,321021.31,43216,43216,8297474,0,0,0,0,0,0,2124152832,2124152832,0,66379776,66379776,0,2124152832,66379776,59223757,56201410,39601000,39601000,9900250,6447632,33189888,6451971,52838493,n/a,1062195712,1066103808,33193616,78.30,1088,12116.67,209065.80,0,1575
0,implicit_l2_intra,2,2,128,96,49152,196640,165248,322203.96,43216,43216,8297472,0,0,0,0,0,0,2124152832,2124152832,0,66379776,66379776,0,2124152832,66379776,60469599,57449009,40849424,40849424,10212356,7768020,33189888,7771906,52835133,n/a,1062172160,1065904384,33192880,78.85,1088,11222.60,207762.58,0,2625
0,implicit_l2_intra,2,2,64,224,57344,229408,160800,313110.39,37296,37296,8354347,0,0,0,0,0,0,2138701824,2138701824,0,66834432,66834432,0,2138701824,66834432,61317883,58681373,41970248,41970248,10492562,8346552,33417216,8351086,52795882,n/a,1069388800,1073232896,33418400,81.58,1088,11341.16,208076.80,0,2201
0,implicit_l2_intra,2,2,128,112,57344,229408,161216,311034.68,37296,37296,8354340,0,0,0,0,0,0,2138701824,2138701824,0,66834432,66834432,0,2138701824,66834432,60603306,57969903,41255268,41255268,10313817,8096412,33417216,8100273,52796419,n/a,1069491200,1072822528,33421600,81.35,1088,11517.84,209090.21,0,2262
0,implicit_l2_intra,4,4,32,8,1024,4128,6486208,12740342.15,2096864,2096864,8387456,0,0,0,0,0,0,2147188736,2147188736,0,67099648,67099648,0,2147188736,67099648,31660647,25272819,16774912,16774912,4193728,0,16774912,31869,31856117,n/a,538816256,542175488,16838008,1.02,1088,392966.15,2991654.39,0,12928
0,implicit_l2_intra,4,4,64,4,1024,4128,6460480,12699124.03,2096864,2096864,8387456,0,0,0,0,0,0,2147188736,2147188736,0,67099648,67099648,0,2147188736,67099648,31678632,25294979,16774912,16774912,4193728,0,16774912,51741,31670636,n/a,538453504,542223104,16826672,1.03,1088,390000.22,2976520.48,0,14500
0,implicit_l2_intra,4,4,128,4,2048,8224,3360096,6594175.81,1048432,1048432,8387456,0,0,0,0,0,0,2147188736,2147188736,0,67099648,67099648,0,2147188736,67099648,31587405,25201979,16774912,16774912,4193728,0,16774912,20839,31583782,n/a,537637632,541608448,16801176,1.97,1088,212956.57,1552485.20,0,6865
0,implicit_l2_intra,4,4,32,16,2048,8224,3364544,6619965.54,1048432,1048432,8387456,0,0,0,0,0,0,2147188736,2147188736,0,67099648,67099648,0,2147188736,67099648,31609338,25221110,16774912,16774912,4193728,0,16774912,92991,31660784,n/a,537844736,541100288,16807648,1.97,1088,214564.33,1550732.87,0,17414
0,implicit_l2_intra,4,4,64,8,2048,8224,3376864,6644935.19,1048432,1048432,8387456,0,0,0,0,0,0,2147188736,2147188736,0,67099648,67099648,0,2147188736,67099648,31626739,25224567,16774912,16774912,4193728,0,16774912,28283,31632156,n/a,538140928,541948160,16816904,1.96,1088,212327.23,1569020.78,0,16457
0,implicit_l2_intra,4,4,32,32,4096,16416,1742528,3424695.32,523920,523920,8382720,0,0,0,0,0,0,2145976320,2145976320,0,67061760,67061760,0,2145976320,67061760,31394035,25151081,16765440,16765440,4191360,0,16765440,20303,31432162,n/a,536502528,539952896,16765704,3.79,1088,100574.33,816791.43,0,4010
0,implicit_l2_intra,4,4,64,16,4096,16416,1744960,3411650.47,523920,523920,8382720,0,0,0,0,0,0,2145976320,2145976320,0,67061760,67061760,0,2145976320,67061760,31396301,25152673,16765440,16765440,4191360,0,16765440,12241,31476297,n/a,536541952,540232704,16766936,3.78,1088,101031.41,813097.59,0,4809
0,implicit_l2_intra,4,4,128,8,4096,16416,1742720,3466266.74,523920,523920,8382720,0,0,0,0,0,0,2145976320,2145976320,0,67061760,67061760,0,2145976320,67061760,31395982,25152265,16765440,16765440,4191360,0,16765440,7614,31405918,n/a,536542208,540383488,16766944,3.79,1088,99406.75,832532.16,0,3917
0,implicit_l2_intra,4,4,32,48,6144,24608,1261952,2468285.30,349280,349280,8382720,0,0,0,0,0,0,2145976320,2145976320,0,67061760,67061760,0,2145976320,67061760,31399695,25164943,16765440,16765440,4191360,0,16765440,13263,31405496,n/a,536920320,540586752,16778760,5.23,1088,61584.11,623823.21,0,5438
0,implicit_l2_intra,4,4,64,24,6144,24608,1259616,2461288.14,349280,349280,8382720,0,0,0,0,0,0,2145976320,2145976320,0,67061760,67061760,0,2145976320,67061760,31411731,25172619,16765440,16765440,4191360,0,16765440,4615,31393057,n/a,537165568,541307392,16786424,5.25,1088,61816.91,625251.72,0,4659
0,implicit_l2_intra,4,4,128,12,6144,24608,1259936,2463634,349280,349280,8382720,0,0,0,0,0,0,2145976320,2145976320,0,67061760,67061760,0,2145976320,67061760,31411677,25176217,16765440,16765440,4191360,0,16765440,10973,31392995,n/a,537185024,540660736,16787032,5.24,1088,61835.73,625933.62,0,6737
0,implicit_l2_intra,4,4,32,64,8192,32800,1061600,2083221.23,261664,261664,8373248,0,0,0,0,0,0,2143551488,2143551488,0,66985984,66985984,0,2143551488,66985984,31336452,25122108,16746496,16746496,4186624,0,16746496,6936,31348085,n/a,535912704,539440384,16747272,6.21,1088,46024.38,515131.45,0,1236
0,implicit_l2_intra,4,4,64,32,8192,32800,1059424,2074842.05,261664,261664,8373248,0,0,0,0,0,0,2143551488,2143551488,0,66985984,66985984,0,2143551488,66985984,31371519,25147993,16746496,16746496,4186624,0,16746496,7284,31544877,n/a,536582912,540809472,16768216,6.24,1088,45428.19,509344.57,0,6300
0,implicit_l2_intra,4,4,128,16,8192,32800,1060160,2078632.47,261664,261664,8373248,0,0,0,0,0,0,2143551488,2143551488,0,66985984,66985984,0,2143551488,66985984,31366739,25143177,16746496,16746496,4186624,0,16746496,7624,31422403,n/a,536466432,540595456,16764576,6.23,1088,46414.18,512342.95,0,4909
0,implicit_l2_intra,4,4,32,80,10240,40992,858400,1683377.81,209568,209568,8382720,0,0,0,0,0,0,2145976320,2145976320,0,67061760,67061760,0,2145976320,67061760,31100424,25151822,16765440,16765440,4191360,0,16765440,11881,31287265,n/a,536564480,540591872,16767640,7.70,1088,36792.48,415419.80,0,1523
0,implicit_l2_intra,4,4,64,40,10240,40992,855232,1682516.57,209568,209568,8382720,0,0,0,0,0,0,2145976320,2145976320,0,67061760,67061760,0,2145976320,67061760,31107850,25157412,16765440,16765440,4191360,0,16765440,4739,31272981,n/a,536732672,540308992,16772896,7.72,1088,36280.34,416299.26,0,2851
0,implicit_l2_intra,4,4,128,20,10240,40992,857600,1687467.88,209568,209568,8382720,0,0,0,0,0,0,2145976320,2145976320,0,67061760,67061760,0,2145976320,67061760,31119354,25157187,16765440,16765440,4191360,0,16765440,9155,31357776,n/a,536664832,540413952,16770776,7.70,1088,36626.69,416374.72,0,4781
0,implicit_l2_intra,4,4,32,96,12288,49184,731232,1437301.82,174640,174640,8382720,0,0,0,0,0,0,2145976320,2145976320,0,67061760,67061760,0,2145976320,67061760,30934322,25162629,16765444,16765444,4191361,0,16765440,5557,31047736,n/a,536865792,540572160,16777056,9.03,1088,30366.28,357045.30,0,4643
0,implicit_l2_intra,4,4,64,48,12288,49184,731712,1436057.50,174640,174640,8382720,0,0,0,0,0,0,2145976320,2145976320,0,67061760,67061760,0,2145976320,67061760,30930245,25165011,16765452,16765452,4191363,12,16765440,9001,31046215,n/a,536919040,540790784,16778720,9.03,1088,30770.49,359019.06,0,4577
0,implicit_l2_intra,4,4,128,24,12288,49184,730080,1433850.20,174640,174640,8382720,0,0,0,0,0,0,2145976320,2145976320,0,67061760,67061760,0,2145976320,67061760,30920621,25151725,16765444,16765444,4191361,20,16765440,6967,31036121,n/a,536523520,539994112,16766360,9.04,1088,30754.02,358032.41,0,4121
0,implicit_l2_intra,4,4,32,112,14336,57376,639520,1255234.95,149776,149776,8387456,0,0,0,0,0,0,2147188736,2147188736,0,67099648,67099648,0,2147188736,67099648,30873088,25300231,16893296,16893296,4223324,121168,16774912,128720,30881061,n/a,537283840,541127680,16790120,10.34,1088,26549.11,316186.07,0,4964
0,implicit_l2_intra,4,4,64,56,14336,57376,638976,1253062.35,149776,149776,8387456,0,0,0,0,0,0,2147188736,2147188736,0,67099648,67099648,0,2147188736,67099648,30862440,25290479,16899956,16899956,4224989,124768,16774912,132773,30839163,n/a,536828160,540150784,16775880,10.33,1088,26409.35,316576.94,0,4034
0,implicit_l2_intra,4,4,128,28,14336,57376,637696,1254006.92,149776,149776,8387456,0,0,0,0,0,0,2147188736,2147188736,0,67099648,67099648,0,2147188736,67099648,30841900,25268715,16878300,16878300,4219575,107180,16774912,114555,30886079,n/a,536823808,540284160,16775744,10.35,1088,26361.03,317464.41,0,4166
0,implicit_l2_intra,4,4,32,128,16384,65568,570816,1121859.73,130832,130832,8373248,0,0,0,0,0,0,2143551488,2143551488,0,66985984,66985984,0,2143551488,66985984,32885704,26889309,18513108,18513108,4628277,1782940,16746496,1790283,31186025,n/a,535923200,539619584,16747600,11.55,1088,23376.88,283825.29,0,3847
0,implicit_l2_intra,4,4,64,64,16384,65568,571552,1116653.38,130832,130832,8373248,0,0,0,0,0,0,2143551488,2143551488,0,66985984,66985984,0,2143551488,66985984,32743028,26740985,18352760,18352760,4588190,1636072,16746496,1643107,31178473,n/a,536285184,539906048,16758912,11.54,1088,23418.66,283634.72,0,5239
0,implicit_l2_intra,4,4,128,32,16384,65568,570336,1118250.92,130832,130832,8373248,0,0,0,0,0,0,2143551488,2143551488,0,66985984,66985984,0,2143551488,66985984,32978551,26977137,18589792,18589792,4647448,1860952,16746496,1870682,31101684,n/a,536200704,539866368,16756272,11.57,1088,23412.13,283803.51,0,5668
0,implicit_l2_intra,4,4,32,160,20480,81952,479296,937214.31,104784,104784,8382720,0,0,0,0,0,0,2145976320,2145976320,0,67061760,67061760,0,2145976320,67061760,33937615,28754316,20366252,20366252,5091563,3632028,16765440,3636698,30335808,n/a,536598272,539979008,16768696,13.77,1088,19180.58,243935.94,0,5358
0,implicit_l2_intra,4,4,64,80,20480,81952,475840,932748.27,104784,104784,8382720,0,0,0,0,0,0,2145976320,2145976320,0,67061760,67061760,0,2145976320,67061760,33644468,28472931,20087332,20087332,5021833,3381496,16765440,3388737,30460532,n/a,536537088,540711424,16766784,13.89,1088,19276.03,243057.69,0,4026
0,implicit_l2_intra,4,4,128,40,20480,81952,475584,933217.04,104784,104784,8382720,0,0,0,0,0,0,2145976320,2145976320,0,67061760,67061760,0,2145976320,67061760,32883773,27710767,19325132,19325132,4831283,2602004,16765440,2605569,30405859,n/a,536532736,540060672,16766648,13.88,1088,19109.19,242914.56,0,3812
0,implicit_l2_intra,4,4,32,176,22528,90144,442208,869782.31,95312,95312,8387456,0,0,0,0,0,0,2147188736,2147188736,0,67099648,67099648,0,2147188736,67099648,33635735,28605689,20214768,20214768,5053692,3498620,16774912,3506446,30349131,n/a,536856320,540549376,16776760,14.94,1088,18120.79,230792.80,0,4437
0,implicit_l2_intra,4,4,64,88,22528,90144,441792,868328.49,95312,95312,8387456,0,0,0,0,0,0,2147188736,2147188736,0,67099648,67099648,0,2147188736,67099648,34486468,29464093,21066216,21066216,5266554,4404788,16774912,4410991,30199758,n/a,537046784,540908800,16782712,14.96,1088,17938.29,229223.26,0,4686
0,implicit_l2_intra,4,4,128,44,22528,90144,443488,864802.65,95312,95312,8387456,0,0,0,0,0,0,2147188736,2147188736,0,67099648,67099648,0,2147188736,67099648,33824264,28790027,20398256,20398256,5099564,3849096,16774912,3854495,30212379,n/a,536863488,540337408,16776984,14.89,1088,17942.21,229506.16,0,4271
0,implicit_l2_intra,4,4,64,96,24576,98336,416992,821845.66,87024,87024,8354304,0,0,0,0,0,0,2138701824,2138701824,0,66834432,66834432,0,2138701824,66834432,36193476,31268793,22901596,22901596,5725399,6276560,16708608,6289337,30078313,n/a,534983168,538526464,16718224,15.78,1088,16890.81,219187.86,0,4929
0,implicit_l2_intra,4,4,128,48,24576,98336,417792,822088.12,87024,87024,8354304,0,0,0,0,0,0,2138701824,2138701824,0,66834432,66834432,0,2138701824,66834432,36338863,31416403,23053584,23053584,5763396,6454776,16708608,6469364,30229404,n/a,534878720,538332672,16714960,15.75,1088,16874.33,218583.33,0,4386
0,implicit_l2_intra,4,4,128,52,26624,106528,394816,771504.23,80512,80512,8373248,0,0,0,0,0,0,2143551488,2143551488,0,66985984,66985984,0,2143551488,66985984,37413321,32732445,24352740,24352740,6088185,7548628,16746496,7552183,29940270,n/a,536044032,539654912,16751376,16.70,1088,16015.12,212002.69,0,4555
0,implicit_l2_intra,4,4,128,56,28672,114720,376256,739509.35,74592,74592,8354304,0,0,0,0,0,0,2138701824,2138701824,0,66834432,66834432,0,2138701824,66834432,37632202,33147621,24788528,24788528,6197132,8363264,16708608,8370592,29571293,n/a,534774272,538230528,16711696,17.48,1088,15093.29,205369.73,0,3936
0,implicit_l2_intra,4,4,128,60,30720,122912,366016,716459.53,69856,69856,8382720,0,0,0,0,0,0,2145976320,2145976320,0,67061760,67061760,0,2145976320,67061760,36717923,32357033,23963496,23963496,5990874,7220268,16765440,7227142,29527135,n/a,536755456,540614144,16773608,18.05,1088,15657.76,202957.97,0,4933
0,implicit_l2_intra,4,4,64,128,32768,131104,347456,685742.62,65120,65120,8335360,0,0,0,0,0,0,2133852160,2133852160,0,66682880,66682880,0,2133852160,66682880,40623317,36321185,27980600,27980600,6995150,11437800,16670720,11441325,29329640,n/a,533558528,537155840,16673704,18.89,1088,14234.38,194606.81,0,4553
0,implicit_l2_intra,4,4,128,64,32768,131104,349888,684568.74,65120,65120,8335360,0,0,0,0,0,0,2133852160,2133852160,0,66682880,66682880,0,2133852160,66682880,37361090,33061337,24716544,24716544,6179136,8150072,16670720,8159418,29333744,n/a,533691392,537396736,16677856,18.77,1088,15112.29,197365.74,0,4675
0,implicit_l2_intra,4,4,128,72,36864,147488,324384,635731.49,58016,58016,8354304,0,0,0,0,0,0,2138701824,2138701824,0,66834432,66834432,0,2138701824,66834432,41159658,37341331,28977928,28977928,7244482,12295864,16708608,12303024,28883072,n/a,534886144,538776832,16715192,20.30,1088,13756.64,188919.16,0,5041
0,implicit_l2_intra,4,4,128,80,40960,163872,303200,593749.50,52096,52096,8335360,0,0,0,0,0,0,2133852160,2133852160,0,66682880,66682880,0,2133852160,66682880,40016799,36482403,28136712,28136712,7034178,11890344,16670720,11896341,28656510,n/a,533719552,537188608,16678736,21.65,1088,14954.11,186908.98,0,4347
0,implicit_l2_intra,4,4,64,192,49152,196640,268160,526580.70,43216,43216,8297476,0,0,0,0,0,0,2124152832,2124152832,0,66379776,66379776,0,2124152832,66379776,43865308,40856479,32556164,32556164,8139041,16224796,16594944,16231395,27910491,n/a,531078144,534209024,16596192,24.34,1088,15150.77,174418.78,0,3730
0,implicit_l2_intra,4,4,128,96,49152,196640,265216,528643.82,43216,43216,8297473,0,0,0,0,0,0,2124152832,2124152832,0,66379776,66379776,0,2124152832,66379776,41034371,38029865,29723872,29723872,7430968,13030212,16595020,13036044,27913702,n/a,531228672,535056384,16600896,24.66,1088,15775.97,175419.45,0,1058
0,implicit_l2_intra,4,4,64,224,57344,229408,244032,481006.64,37296,37296,8354328,0,0,0,0,0,0,2138701824,2138701824,0,66834432,66834432,0,2138701824,66834432,47938290,45315999,36956268,36956268,9239067,19674112,16708608,19680737,27710977,n/a,534789888,538570496,16712184,26.97,1088,13778.16,169537.54,0,4137
0,implicit_l2_intra,4,4,128,112,57344,229408,239040,472492.35,37296,37296,8354422,0,0,0,0,0,0,2138701824,2138701824,0,66834432,66834432,0,2138701824,66834432,47976331,45344577,36982648,36982648,9245662,20369744,16708608,20373558,27709044,n/a,534848512,538633728,16714016,27.54,1088,14323.08,166906.28,0,4422
1,explicit_mcast,2,2,32,8,1024,4128,3375392,6631733.89,2096864,2096864,8387456,8387456,0,0,0,8387456,0,2147188736,0,2147188736,67099648,0,67099648,2147188736,67099648,53584981,50346599,33549824,33549824,8387456,0,33549824,11223,53534417,n/a,1074133504,1077522432,33566672,3.90,1088,946396.41,2999456.27,0,12418
1,explicit_mcast,2,2,64,4,1024,4128,3375328,6626150.34,2096864,2096864,8387456,8387456,0,0,0,8387456,0,2147188736,0,2147188736,67099648,0,67099648,2147188736,67099648,53623662,50390778,33549824,33549824,8387456,0,33549824,23095,53589750,n/a,1075331328,1078803712,33604104,3.91,1088,946523.20,2999580.72,0,11063
1,explicit_mcast,2,2,128,4,2048,8224,1750464,3431137.16,1048432,1048432,8387456,8387456,0,0,0,8387456,0,2147188736,0,2147188736,67099648,0,67099648,2147188736,67099648,53589178,50367239,33549824,33549824,8387456,0,33549824,12054,53567636,n/a,1074648576,1078212864,33582768,7.53,1088,504023.57,1574816.82,0,10983
1,explicit_mcast,2,2,32,16,2048,8224,1753728,3433659.84,1048432,1048432,8387456,8387456,0,0,0,8387456,0,2147188736,0,2147188736,67099648,0,67099648,2147188736,67099648,53557995,50332183,33549824,33549824,8387456,0,33549824,10619,53565135,n/a,1073744896,1077434624,33554528,7.51,1088,503530.99,1575903.50,0,9398
1,explicit_mcast,2,2,64,8,2048,8224,1750976,3431734.49,1048432,1048432,8387456,8387456,0,0,0,8387456,0,2147188736,0,2147188736,67099648,0,67099648,2147188736,67099648,53589478,50369403,33549824,33549824,8387456,0,33549824,25175,53534183,n/a,1074770688,1078376960,33586584,7.53,1088,503712.44,1575211.22,0,6983
1,explicit_mcast,2,2,32,32,4096,16416,927616,1818192.39,523920,523920,8382720,8382720,0,0,0,8382720,0,2145976320,0,2145976320,67061760,0,67061760,2145976320,67061760,53498271,50315425,33530880,33530880,8382720,0,33530880,4524,53472560,n/a,1073479424,1076650752,33546232,14.18,1088,256099.29,851031.85,0,6177
1,explicit_mcast,2,2,64,16,4096,16416,931072,1817798.15,523920,523920,8382720,8382720,0,0,0,8382720,0,2145976320,0,2145976320,67061760,0,67061760,2145976320,67061760,53448341,50299287,33530880,33530880,8382720,0,33530880,13016,53447589,n/a,1073018112,1076151808,33531816,14.12,1088,256541.38,852213.01,0,4138
1,explicit_mcast,2,2,128,8,4096,16416,927232,1818968.64,523920,523920,8382720,8382720,0,0,0,8382720,0,2145976320,0,2145976320,67061760,0,67061760,2145976320,67061760,53447256,50300701,33530880,33530880,8382720,0,33530880,2514,53457519,n/a,1073058048,1076588288,33533064,14.19,1088,256131.27,852433.98,0,4484
1,explicit_mcast,2,2,32,48,6144,24608,686720,1350878.12,349280,349280,8382720,8382720,0,0,0,8382720,0,2145976320,0,2145976320,67061760,0,67061760,2145976320,67061760,53451727,50299231,33530880,33530880,8382720,0,33530880,7472,53483337,n/a,1073022208,1076293888,33531944,19.15,1088,171895.92,662903.99,0,3908
1,explicit_mcast,2,2,64,24,6144,24608,686048,1346587.08,349280,349280,8382720,8382720,0,0,0,8382720,0,2145976320,0,2145976320,67061760,0,67061760,2145976320,67061760,53471287,50315407,33530880,33530880,8382720,0,33530880,8717,53475026,n/a,1073484032,1077397248,33546376,19.19,1088,172262.43,663781.46,0,5769
1,explicit_mcast,2,2,128,12,6144,24608,685344,1347022.85,349280,349280,8382720,8382720,0,0,0,8382720,0,2145976320,0,2145976320,67061760,0,67061760,2145976320,67061760,53449111,50299189,33530880,33530880,8382720,0,33530880,8159,53483552,n/a,1073020672,1076674816,33531896,19.20,1088,170999.64,663280.13,0,3730
1,explicit_mcast,2,2,32,64,8192,32800,554944,1086962.35,261664,261664,8373248,8373248,0,0,0,8373248,0,2143551488,0,2143551488,66985984,0,66985984,2143551488,66985984,53397863,50248965,33492992,33492992,8373248,0,33492992,3979,53385872,n/a,1071991808,1075798784,33499744,23.69,1088,152352.77,549559.26,0,5222
1,explicit_mcast,2,2,64,32,8192,32800,553472,1085552.27,261664,261664,8373248,8373248,0,0,0,8373248,0,2143551488,0,2143551488,66985984,0,66985984,2143551488,66985984,53390017,50243615,33492992,33492992,8373248,0,33492992,7630,53390169,n/a,1071847168,1074972160,33495224,23.74,1088,152426.36,548942.85,0,3888
1,explicit_mcast,2,2,128,16,8192,32800,554624,1087175.70,261664,261664,8373248,8373248,0,0,0,8373248,0,2143551488,0,2143551488,66985984,0,66985984,2143551488,66985984,53404620,50254755,33492992,33492992,8373248,0,33492992,6958,53378284,n/a,1072168704,1075933440,33505272,23.71,1088,152267.02,549858.83,0,4732
1,explicit_mcast,2,2,32,80,10240,40992,451136,890463.82,209568,209568,8382720,8382720,0,0,0,8382720,0,2145976320,0,2145976320,67061760,0,67061760,2145976320,67061760,53312841,50308953,33530880,33530880,8382720,0,33530880,3896,53323279,n/a,1073296128,1077378304,33540504,29.19,1088,119305.54,456838.43,0,4493
1,explicit_mcast,2,2,64,40,10240,40992,451040,881951.53,209568,209568,8382720,8382720,0,0,0,8382720,0,2145976320,0,2145976320,67061760,0,67061760,2145976320,67061760,53315774,50309279,33530880,33530880,8382720,0,33530880,4816,53326241,n/a,1073300480,1076993280,33540640,29.18,1088,119681.36,456780.95,0,4836
1,explicit_mcast,2,2,128,20,10240,40992,453024,881635.35,209568,209568,8382720,8382720,0,0,0,8382720,0,2145976320,0,2145976320,67061760,0,67061760,2145976320,67061760,53311056,50310049,33530880,33530880,8382720,0,33530880,6205,53326921,n/a,1073345536,1076930560,33542048,29.05,1088,119450.48,456890.43,0,4838
1,explicit_mcast,2,2,32,96,12288,49184,385504,756809.19,174640,174640,8382720,8382720,0,0,0,8382720,0,2145976320,0,2145976320,67061760,0,67061760,2145976320,67061760,53223523,50299307,33530880,33530880,8382720,0,33530880,6114,53220494,n/a,1073035008,1076905728,33532344,34.14,1088,99074.39,399595.76,0,4104
1,explicit_mcast,2,2,64,48,12288,49184,387392,757696.38,174640,174640,8382720,8382720,0,0,0,8382720,0,2145976320,0,2145976320,67061760,0,67061760,2145976320,67061760,53224876,50300921,33530880,33530880,8382720,0,33530880,6498,53230673,n/a,1073085184,1076590848,33533912,33.96,1088,99294.47,399594.07,0,4288
1,explicit_mcast,2,2,128,24,12288,49184,387040,757264.11,174640,174640,8382720,8382720,0,0,0,8382720,0,2145976320,0,2145976320,67061760,0,67061760,2145976320,67061760,53233433,50304375,33530880,33530880,8382720,0,33530880,5872,53232575,n/a,1073177088,1076701184,33536784,34.00,1088,99076.08,400440.98,0,4414
1,explicit_mcast,2,2,32,112,14336,57376,340000,667073.20,149776,149776,8387456,8387456,0,0,0,8387456,0,2147188736,0,2147188736,67099648,0,67099648,2147188736,67099648,53156486,50332353,33549824,33549824,8387456,0,33549824,3265,53176097,n/a,1073787648,1077575936,33555864,38.73,1088,84689.07,362020.80,0,5391
1,explicit_mcast,2,2,64,56,14336,57376,340128,667090.91,149776,149776,8387456,8387456,0,0,0,8387456,0,2147188736,0,2147188736,67099648,0,67099648,2147188736,67099648,53157150,50334075,33549824,33549824,8387456,0,33549824,5617,53171469,n/a,1073832448,1076985088,33557264,38.70,1088,84931.40,361150.31,0,4235
1,explicit_mcast,2,2,128,28,14336,57376,340256,665910.69,149776,149776,8387456,8387456,0,0,0,8387456,0,2147188736,0,2147188736,67099648,0,67099648,2147188736,67099648,53153055,50332003,33549824,33549824,8387456,0,33549824,6254,53179588,n/a,1073771008,1076963584,33555344,38.68,1088,84840.57,362013.78,0,4175
1,explicit_mcast,2,2,32,128,16384,65568,306208,598690.08,130832,130832,8373248,8373248,0,0,0,8373248,0,2143551488,0,2143551488,66985984,0,66985984,2143551488,66985984,53274741,50242817,33492992,33492992,8373248,0,33492992,6236,53276764,n/a,1071833344,1075309312,33494792,42.92,1088,75193.66,328868.51,0,4646
1,explicit_mcast,2,2,64,64,16384,65568,309440,597963.55,130832,130832,8373248,8373248,0,0,0,8373248,0,2143551488,0,2143551488,66985984,0,66985984,2143551488,66985984,53270215,50242381,33492992,33492992,8373248,0,33492992,6446,53271445,n/a,1071819776,1075969792,33494368,42.49,1088,75246.53,330318.06,0,3732
1,explicit_mcast,2,2,128,32,16384,65568,307392,600784.66,130832,130832,8373248,8373248,0,0,0,8373248,0,2143551488,0,2143551488,66985984,0,66985984,2143551488,66985984,53279434,50250809,33492992,33492992,8373248,0,33492992,6476,53271910,n/a,1072068096,1075287552,33502128,42.75,1088,75215.29,328843.26,0,4244
1,explicit_mcast,2,2,32,160,20480,81952,257152,505549.45,104784,104784,8382720,8382720,0,0,0,8382720,0,2145976320,0,2145976320,67061760,0,67061760,2145976320,67061760,52907499,50302049,33530880,33530880,8382720,0,33530880,3636,52919091,n/a,1073112064,1076574208,33534752,51.17,1088,59486.53,287074.57,0,4173
1,explicit_mcast,2,2,64,80,20480,81952,258720,502984.34,104784,104784,8382720,8382720,0,0,0,8382720,0,2145976320,0,2145976320,67061760,0,67061760,2145976320,67061760,52906026,50299269,33530880,33530880,8382720,0,33530880,6516,52921888,n/a,1073039360,1076194816,33532480,50.84,1088,59486.34,287169.01,0,4043
1,explicit_mcast,2,2,128,40,20480,81952,258880,506337.62,104784,104784,8382720,8382720,0,0,0,8382720,0,2145976320,0,2145976320,67061760,0,67061760,2145976320,67061760,52905422,50299319,33530880,33530880,8382720,0,33530880,3359,52918592,n/a,1073040640,1076438016,33532520,50.82,1088,59506.80,287385.50,0,4156
1,explicit_mcast,2,2,32,176,22528,90144,241088,469034.93,95312,95312,8387456,8387456,0,0,0,8387456,0,2147188736,0,2147188736,67099648,0,67099648,2147188736,67099648,52864572,50327579,33549824,33549824,8387456,0,33549824,3513,52883899,n/a,1073639168,1077368320,33551224,54.62,1088,54623.89,274239.80,0,3728
1,explicit_mcast,2,2,64,88,22528,90144,240576,468938.78,95312,95312,8387456,8387456,0,0,0,8387456,0,2147188736,0,2147188736,67099648,0,67099648,2147188736,67099648,52865371,50327451,33549824,33549824,8387456,0,33549824,3295,52884464,n/a,1073639680,1077377024,33551240,54.74,1088,54521.34,275583.35,0,3723
1,explicit_mcast,2,2,128,44,22528,90144,240064,469492.43,95312,95312,8387456,8387456,0,0,0,8387456,0,2147188736,0,2147188736,67099648,0,67099648,2147188736,67099648,52871972,50332797,33549824,33549824,8387456,0,33549824,6032,52885780,n/a,1073788672,1077584640,33555896,54.85,1088,54438.34,275210.98,0,4294
1,explicit_mcast,2,2,64,96,24576,98336,227424,441797.19,87024,87024,8354304,8354304,0,0,0,8354304,0,2138701824,0,2138701824,66834432,0,66834432,2138701824,66834432,52598489,50133013,33417216,33417216,8354304,0,33417216,5985,52608346,n/a,1069532672,1073226752,33422896,57.67,1088,50195.16,261505.11,0,4555
1,explicit_mcast,2,2,128,48,24576,98336,225792,438624.77,87024,87024,8354304,8354304,0,0,0,8354304,0,2138701824,0,2138701824,66834432,0,66834432,2138701824,66834432,52592922,50129101,33417216,33417216,8354304,0,33417216,3645,52610419,n/a,1069401600,1072907776,33418800,58.08,1088,49958.78,260694.85,0,3902
1,explicit_mcast,2,2,128,52,26624,106528,215296,420584.96,80512,80512,8373248,8373248,0,0,0,8373248,0,2143551488,0,2143551488,66985984,0,66985984,2143551488,66985984,52600680,50248235,33492992,33492992,8373248,0,33492992,2870,52595757,n/a,1071992576,1075863808,33499768,61.07,1088,47270.96,254148.08,0,4743
1,explicit_mcast,2,2,128,56,28672,114720,208032,404363.28,74592,74592,8354304,8354304,0,0,0,8354304,0,2138701824,0,2138701824,66834432,0,66834432,2138701824,66834432,52396661,50128705,33417216,33417216,8354304,0,33417216,5624,52408103,n/a,1069396992,1073146112,33418656,63.05,1088,44413.04,245083.73,0,3939
1,explicit_mcast,2,2,128,60,30720,122912,198752,389146.78,69856,69856,8382720,8382720,0,0,0,8382720,0,2145976320,0,2145976320,67061760,0,67061760,2145976320,67061760,52524457,50303081,33530880,33530880,8382720,0,33530880,6815,52537743,n/a,1073148160,1076549120,33535880,66.21,1088,42460.73,239108.17,0,4501
1,explicit_mcast,2,2,64,128,32768,131104,192384,377274.15,65120,65120,8335360,8335360,0,0,0,8335360,0,2133852160,0,2133852160,66682880,0,66682880,2133852160,66682880,52200859,50018751,33341440,33341440,8335360,0,33341440,5201,52222266,n/a,1067079936,1070454528,33346248,68.01,1088,40775.77,231399.04,0,4003
1,explicit_mcast,2,2,128,64,32768,131104,191936,376889.26,65120,65120,8335360,8335360,0,0,0,8335360,0,2133852160,0,2133852160,66682880,0,66682880,2133852160,66682880,52204485,50020057,33341440,33341440,8335360,0,33341440,2937,52221282,n/a,1067118080,1070607104,33347440,68.18,1088,40814.20,232532.83,0,4361
1,explicit_mcast,2,2,128,72,36864,147488,182848,354963.03,58016,58016,8354304,8354304,0,0,0,8354304,0,2138701824,0,2138701824,66834432,0,66834432,2138701824,66834432,52075792,50128711,33417216,33417216,8354304,0,33417216,2990,52101689,n/a,1069398272,1073140992,33418696,71.74,1088,38358.77,225048.13,0,3476
1,explicit_mcast,2,2,128,80,40960,163872,176480,349889.15,52096,52096,8335360,8335360,0,0,0,8335360,0,2133852160,0,2133852160,66682880,0,66682880,2133852160,66682880,51795444,50017639,33341440,33341440,8335360,0,33341440,3518,51816366,n/a,1067046400,1070316032,33345200,74.13,1088,37277.95,223010.62,0,3306
1,explicit_mcast,2,2,64,192,49152,196640,166464,324347.97,43216,43216,8297472,8297472,0,0,0,8297472,0,2124152832,0,2124152832,66379776,0,66379776,2124152832,66379776,51324580,49791629,33189888,33189888,8297472,0,33189888,3248,51357043,n/a,1062238720,1066138880,33194960,78.29,1088,34737.10,212518.01,0,2653
1,explicit_mcast,2,2,128,96,49152,196640,165760,324636.31,43216,43216,8297472,8297472,0,0,0,8297472,0,2124152832,0,2124152832,66379776,0,66379776,2124152832,66379776,51325440,49790801,33189888,33189888,8297472,0,33189888,4503,51361500,n/a,1062198528,1065939200,33193704,78.59,1088,34760.72,212374.12,0,2634
1,explicit_mcast,2,2,64,224,57344,229408,163040,315564.28,37296,37296,8354304,8354304,0,0,0,8354304,0,2138701824,0,2138701824,66834432,0,66834432,2138701824,66834432,51488149,50131221,33417216,33417216,8354304,0,33417216,2905,51515756,n/a,1069465088,1072703232,33420784,80.40,1088,33850.13,211736.60,0,3860
1,explicit_mcast,2,2,128,112,57344,229408,164000,319096.88,37296,37296,8354304,8354304,0,0,0,8354304,0,2138701824,0,2138701824,66834432,0,66834432,2138701824,66834432,51492456,50131129,33417216,33417216,8354304,0,33417216,4739,51531947,n/a,1069470976,1073355776,33420968,79.99,1088,34307.50,213078.17,0,2647
1,explicit_mcast,4,4,32,8,1024,4128,6461920,12711841.64,2096864,2096864,4193728,4193728,0,0,0,4193728,0,2147188736,0,2147188736,67099648,0,67099648,2147188736,67099648,27023045,25288014,16774912,16774912,4193728,0,16774912,28981,26872624,n/a,538268160,541937152,16820880,1.02,1088,1217026.52,3008441.30,0,80234
1,explicit_mcast,4,4,64,4,1024,4128,6463232,12709658.39,2096864,2096864,4193728,4193728,0,0,0,4193728,0,2147188736,0,2147188736,67099648,0,67099648,2147188736,67099648,26958916,25303061,16774912,16774912,4193728,0,16774912,72045,26989639,n/a,538877184,542503936,16839912,1.03,1088,1217538.38,3008667.24,0,26314
1,explicit_mcast,4,4,128,4,2048,8224,3386112,6645390.82,1048432,1048432,4193728,4193728,0,0,0,4193728,0,2147188736,0,2147188736,67099648,0,67099648,2147188736,67099648,26884739,25235481,16774912,16774912,4193728,0,16774912,27866,26939673,n/a,538113536,541852160,16816048,1.96,1088,654166.35,1580545.76,0,10692
1,explicit_mcast,4,4,32,16,2048,8224,3382656,6637155.09,1048432,1048432,4193728,4193728,0,0,0,4193728,0,2147188736,0,2147188736,67099648,0,67099648,2147188736,67099648,26908863,25177443,16774912,16774912,4193728,0,16774912,25607,26918178,n/a,537165312,540461568,16786416,1.95,1088,654777.33,1580198.26,0,73995
1,explicit_mcast,4,4,64,8,2048,8224,3385248,6638095.23,1048432,1048432,4193728,4193728,0,0,0,4193728,0,2147188736,0,2147188736,67099648,0,67099648,2147188736,67099648,26899627,25247573,16774912,16774912,4193728,0,16774912,8300,26816838,n/a,538701056,542204928,16834408,1.96,1088,654806.99,1579559.29,0,10123
1,explicit_mcast,4,4,32,32,4096,16416,1754720,3443872.28,523920,523920,4191360,4191360,0,0,0,4191360,0,2145976320,0,2145976320,67061760,0,67061760,2145976320,67061760,26800797,25191828,16765440,16765440,4191360,0,16765440,7497,26783389,n/a,537494016,540980224,16796688,3.77,1088,335441.45,846523.12,0,9152
1,explicit_mcast,4,4,64,16,4096,16416,1756992,3447622.78,523920,523920,4191360,4191360,0,0,0,4191360,0,2145976320,0,2145976320,67061760,0,67061760,2145976320,67061760,26759867,25157327,16765440,16765440,4191360,0,16765440,14316,26787998,n/a,536691968,539848704,16771624,3.75,1088,334671.05,846731.71,0,5169
1,explicit_mcast,4,4,128,8,4096,16416,1759776,3441501.46,523920,523920,4191360,4191360,0,0,0,4191360,0,2145976320,0,2145976320,67061760,0,67061760,2145976320,67061760,26776171,25180814,16765440,16765440,4191360,0,16765440,11755,26793411,n/a,537295616,541185024,16790488,3.76,1088,335287.39,847569.73,0,1764
1,explicit_mcast,4,4,32,48,6144,24608,1265152,2501483.69,349280,349280,4191360,4191360,0,0,0,4191360,0,2145976320,0,2145976320,67061760,0,67061760,2145976320,67061760,26760249,25165141,16765440,16765440,4191360,0,16765440,6652,26817485,n/a,536890624,540791040,16777832,5.22,1088,224346.92,656434.34,0,5101
1,explicit_mcast,4,4,64,24,6144,24608,1276032,2499228.05,349280,349280,4191360,4191360,0,0,0,4191360,0,2145976320,0,2145976320,67061760,0,67061760,2145976320,67061760,26771224,25173105,16765440,16765440,4191360,0,16765440,7470,26775691,n/a,537115904,540953088,16784872,5.18,1088,223652.41,656211.22,0,4971
1,explicit_mcast,4,4,128,12,6144,24608,1274944,2499205.11,349280,349280,4191360,4191360,0,0,0,4191360,0,2145976320,0,2145976320,67061760,0,67061760,2145976320,67061760,26750184,25151593,16765440,16765440,4191360,0,16765440,7075,26774009,n/a,536527104,540009728,16766472,5.18,1088,225028.17,655785.01,0,4080
1,explicit_mcast,4,4,32,64,8192,32800,1055616,2068988.11,261664,261664,4186624,4186624,0,0,0,4186624,0,2143551488,0,2143551488,66985984,0,66985984,2143551488,66985984,26738926,25144382,16746496,16746496,4186624,0,16746496,10493,26844971,n/a,536511232,539828992,16765976,6.25,1088,205776.39,541049.51,0,8171
1,explicit_mcast,4,4,64,32,8192,32800,1059648,2074953.89,261664,261664,4186624,4186624,0,0,0,4186624,0,2143551488,0,2143551488,66985984,0,66985984,2143551488,66985984,26708206,25122653,16746496,16746496,4186624,0,16746496,7226,26759195,n/a,535908352,539470080,16747136,6.22,1088,205982.74,539929.77,0,4166
1,explicit_mcast,4,4,128,16,8192,32800,1055200,2074821.15,261664,261664,4186624,4186624,0,0,0,4186624,0,2143551488,0,2143551488,66985984,0,66985984,2143551488,66985984,26750840,25141832,16746496,16746496,4186624,0,16746496,10018,26761374,n/a,536427520,539698432,16763360,6.25,1088,205760.11,540057.55,0,10956
1,explicit_mcast,4,4,32,80,10240,40992,858144,1669953.68,209568,209568,4191360,4191360,0,0,0,4191360,0,2145976320,0,2145976320,67061760,0,67061760,2145976320,67061760,26708442,25167055,16765440,16765440,4191360,0,16765440,12145,26924738,n/a,536966912,540436992,16780216,7.70,1088,161111.12,443766.54,0,4450
1,explicit_mcast,4,4,64,40,10240,40992,852992,1671171.72,209568,209568,4191360,4191360,0,0,0,4191360,0,2145976320,0,2145976320,67061760,0,67061760,2145976320,67061760,26691616,25151147,16765440,16765440,4191360,0,16765440,7594,26849624,n/a,536523264,539822080,16766352,7.73,1088,161375.78,443587.58,0,4103
1,explicit_mcast,4,4,128,20,10240,40992,858944,1682044.93,209568,209568,4191360,4191360,0,0,0,4191360,0,2145976320,0,2145976320,67061760,0,67061760,2145976320,67061760,26701596,25172866,16765440,16765440,4191360,0,16765440,8819,26846860,n/a,537153024,541020928,16786032,7.70,1088,161194.15,443368.46,0,2809
1,explicit_mcast,4,4,32,96,12288,49184,730112,1421037.11,174640,174640,4191360,4191360,0,0,0,4191360,0,2145976320,0,2145976320,67061760,0,67061760,2145976320,67061760,26626323,25151039,16765440,16765440,4191360,0,16765440,6457,26690652,n/a,536522240,539883264,16766320,9.04,1088,133581.81,385894.35,0,3823
1,explicit_mcast,4,4,64,48,12288,49184,728416,1426059.49,174640,174640,4191360,4191360,0,0,0,4191360,0,2145976320,0,2145976320,67061760,0,67061760,2145976320,67061760,26626462,25151047,16765440,16765440,4191360,0,16765440,8427,26627068,n/a,536524544,540237568,16766392,9.06,1088,133379.33,385065.20,0,3981
1,explicit_mcast,4,4,128,24,12288,49184,729984,1431184.57,174640,174640,4191360,4191360,0,0,0,4191360,0,2145976320,0,2145976320,67061760,0,67061760,2145976320,67061760,26642858,25167055,16765440,16765440,4191360,0,16765440,8026,26752252,n/a,536965888,540827392,16780184,9.05,1088,133788.50,384905.67,0,5386
1,explicit_mcast,4,4,32,112,14336,57376,636288,1244706.46,149776,149776,4193728,4193728,0,0,0,4193728,0,2147188736,0,2147188736,67099648,0,67099648,2147188736,67099648,26616154,25181771,16774912,16774912,4193728,0,16774912,10272,26825083,n/a,537276160,541253376,16789880,10.39,1088,113502.23,345743.44,0,5396
1,explicit_mcast,4,4,64,56,14336,57376,637184,1244877.14,149776,149776,4193728,4193728,0,0,0,4193728,0,2147188736,0,2147188736,67099648,0,67099648,2147188736,67099648,26632011,25180166,16774912,16774912,4193728,0,16774912,5954,26694886,n/a,537249280,540946944,16789040,10.37,1088,113486.71,345485.82,0,12462
1,explicit_mcast,4,4,128,28,14336,57376,637952,1249031.42,149776,149776,4193728,4193728,0,0,0,4193728,0,2147188736,0,2147188736,67099648,0,67099648,2147188736,67099648,26603543,25168991,16774912,16774912,4193728,0,16774912,6651,26666029,n/a,536941312,540663808,16779416,10.36,1088,113184.38,344409.07,0,4134
1,explicit_mcast,4,4,32,128,16384,65568,565696,1109104.80,130832,130832,4186624,4186624,0,0,0,4186624,0,2143551488,0,2143551488,66985984,0,66985984,2143551488,66985984,26677047,25133057,16746496,16746496,4186624,0,16746496,9499,26958489,n/a,536190976,540176896,16755968,11.67,1088,100589.04,310060.98,0,5840
1,explicit_mcast,4,4,64,64,16384,65568,565600,1108584.30,130832,130832,4186624,4186624,0,0,0,4186624,0,2143551488,0,2143551488,66985984,0,66985984,2143551488,66985984,26679458,25133713,16746496,16746496,4186624,0,16746496,5101,26662503,n/a,536226560,539721984,16757080,11.66,1088,100716.25,310947.87,0,5705
1,explicit_mcast,4,4,128,32,16384,65568,566656,1108447.84,130832,130832,4186624,4186624,0,0,0,4186624,0,2143551488,0,2143551488,66985984,0,66985984,2143551488,66985984,26675805,25128577,16746496,16746496,4186624,0,16746496,7286,26798873,n/a,536091648,539592960,16752864,11.64,1088,100579.45,310167.28,0,5451
1,explicit_mcast,4,4,32,160,20480,81952,471648,923006.76,104784,104784,4191360,4191360,0,0,0,4191360,0,2145976320,0,2145976320,67061760,0,67061760,2145976320,67061760,26508848,25160215,16765440,16765440,4191360,0,16765440,8945,26513617,n/a,536779776,540267520,16774368,14.00,1088,78918.17,268004.65,0,4165
1,explicit_mcast,4,4,64,80,20480,81952,470624,921940.80,104784,104784,4191360,4191360,0,0,0,4191360,0,2145976320,0,2145976320,67061760,0,67061760,2145976320,67061760,26513032,25159981,16765440,16765440,4191360,0,16765440,8833,26512072,n/a,536787200,540634624,16774600,14.04,1088,78748.53,268392.10,0,4425
1,explicit_mcast,4,4,128,40,20480,81952,468672,923135.31,104784,104784,4191360,4191360,0,0,0,4191360,0,2145976320,0,2145976320,67061760,0,67061760,2145976320,67061760,26512953,25160617,16765440,16765440,4191360,0,16765440,6502,26561145,n/a,536801536,540628224,16775048,14.10,1088,78795.27,267821.26,0,4993
1,explicit_mcast,4,4,32,176,22528,90144,434784,850497.11,95312,95312,4193728,4193728,0,0,0,4193728,0,2147188736,0,2147188736,67099648,0,67099648,2147188736,67099648,26486952,25168881,16774912,16774912,4193728,0,16774912,6380,26571255,n/a,536939264,540694528,16779352,15.20,1088,70993.23,251535.66,0,5011
1,explicit_mcast,4,4,64,88,22528,90144,434656,851018.89,95312,95312,4193728,4193728,0,0,0,4193728,0,2147188736,0,2147188736,67099648,0,67099648,2147188736,67099648,26473160,25165944,16774912,16774912,4193728,0,16774912,6826,26579065,n/a,536855808,540769536,16776744,15.20,1088,70784.39,251028.12,0,1559
1,explicit_mcast,4,4,128,44,22528,90144,435264,852111.35,95312,95312,4193728,4193728,0,0,0,4193728,0,2147188736,0,2147188736,67099648,0,67099648,2147188736,67099648,26476415,25165393,16774912,16774912,4193728,0,16774912,5695,26499272,n/a,536840704,540731392,16776272,15.18,1088,70770.99,251207.87,0,4258
1,explicit_mcast,4,4,64,96,24576,98336,401856,788275.27,87024,87024,4177152,4177152,0,0,0,4177152,0,2138701824,0,2138701824,66834432,0,66834432,2138701824,66834432,26369770,25065825,16708608,16708608,4177152,0,16708608,11746,26400940,n/a,534719488,538661376,16709984,16.38,1088,64396.84,236512.21,0,4130
1,explicit_mcast,4,4,128,48,24576,98336,403072,788324.14,87024,87024,4177152,4177152,0,0,0,4177152,0,2138701824,0,2138701824,66834432,0,66834432,2138701824,66834432,26378883,25070015,16708608,16708608,4177152,0,16708608,14810,26385550,n/a,534834688,538251008,16713584,16.32,1088,64321.64,235598.69,0,4699
1,explicit_mcast,4,4,128,52,26624,106528,381792,746823.69,80512,80512,4186624,4186624,0,0,0,4186624,0,2143551488,0,2143551488,66985984,0,66985984,2143551488,66985984,26351575,25129925,16746496,16746496,4186624,0,16746496,4977,26518224,n/a,536135936,540043008,16754248,17.29,1088,59051.06,227252.76,0,4446
1,explicit_mcast,4,4,128,56,28672,114720,358880,697498.19,74592,74592,4177152,4177152,0,0,0,4177152,0,2138701824,0,2138701824,66834432,0,66834432,2138701824,66834432,26228130,25065887,16708608,16708608,4177152,0,16708608,6336,26241555,n/a,534718208,538493184,16709944,18.34,1088,54483.72,216157.80,0,4155
1,explicit_mcast,4,4,128,60,30720,122912,343072,666988.26,69856,69856,4191360,4191360,0,0,0,4191360,0,2145976320,0,2145976320,67061760,0,67061760,2145976320,67061760,26279980,25157529,16765440,16765440,4191360,0,16765440,5161,26403242,n/a,536718592,540182784,16772456,19.24,1088,51266.47,208333.71,0,4239
1,explicit_mcast,4,4,64,128,32768,131104,326336,633799.04,65120,65120,4167680,4167680,0,0,0,4167680,0,2133852160,0,2133852160,66682880,0,66682880,2133852160,66682880,26122113,25012769,16670720,16670720,4167680,0,16670720,3141,26208213,n/a,533625344,537417728,16675792,20.12,1088,48381.15,201426.59,0,3927
1,explicit_mcast,4,4,128,64,32768,131104,323744,637308.07,65120,65120,4167680,4167680,0,0,0,4167680,0,2133852160,0,2133852160,66682880,0,66682880,2133852160,66682880,26120020,25009489,16670720,16670720,4167680,0,16670720,5839,26153688,n/a,533519616,536983808,16672488,20.27,1088,48459.57,200629.89,0,4047
1,explicit_mcast,4,4,128,72,36864,147488,302176,588631.66,58016,58016,4177152,4177152,0,0,0,4177152,0,2138701824,0,2138701824,66834432,0,66834432,2138701824,66834432,26053420,25071573,16708608,16708608,4177152,0,16708608,6540,26114102,n/a,534868224,538606848,16714632,21.78,1088,44822,189922.23,0,4327
1,explicit_mcast,4,4,128,80,40960,163872,283776,551546.26,52096,52096,4167680,4167680,0,0,0,4167680,0,2133852160,0,2133852160,66682880,0,66682880,2133852160,66682880,25921376,25009089,16670720,16670720,4167680,0,16670720,6152,25968908,n/a,533509632,536833024,16672176,23.12,1088,42094.42,180956.33,0,4051
1,explicit_mcast,4,4,64,192,49152,196640,258624,498583.11,43216,43216,4148736,4148736,0,0,0,4148736,0,2124152832,0,2124152832,66379776,0,66379776,2124152832,66379776,25678366,24900179,16594944,16594944,4148736,0,16594944,7094,25787421,n/a,531224576,534609920,16600768,25.27,1088,38392.33,169948.39,0,4169
1,explicit_mcast,4,4,128,96,49152,196640,256704,504920.51,43216,43216,4148736,4148736,0,0,0,4148736,0,2124152832,0,2124152832,66379776,0,66379776,2124152832,66379776,25675010,24895373,16594944,16594944,4148736,0,16594944,7351,25861451,n/a,531081472,534490624,16596296,25.45,1088,38223.34,168742.86,0,3976
1,explicit_mcast,4,4,64,224,57344,229408,248416,484688.58,37296,37296,4177152,4177152,0,0,0,4177152,0,2138701824,0,2138701824,66834432,0,66834432,2138701824,66834432,25764080,25068029,16708608,16708608,4177152,0,16708608,6680,25832317,n/a,534785536,538949376,16712048,26.52,1088,37180.25,164753.58,0,4670
1,explicit_mcast,4,4,128,112,57344,229408,248352,483356.97,37296,37296,4177152,4177152,0,0,0,4177152,0,2138701824,0,2138701824,66834432,0,66834432,2138701824,66834432,25769766,25070509,16708608,16708608,4177152,0,16708608,3368,25873452,n/a,534854400,538381056,16714200,26.50,1088,37651.49,163784.36,0,4182
